StockCode,product_name,average_price,total_quantity,total_sales,category
10002,INFLATABLE POLITICAL GLOBE,0.85,823,699.55,Other
10080,GROOVY CACTUS INFLATABLE,0.41190476190476194,291,114.41,Other
10120,DOGGY RUBBER,0.21,192,40.32,Other
10123C,HEARTS WRAPPING TAPE,0.65,5,3.25,Home Decor
10124A,SPOTS ON RED BOOKCOVER TAPE,0.42000000000000004,16,6.72,Other
10124G,ARMY CAMO BOOKCOVER TAPE,0.42,17,7.14,Other
10125,MINI FUNKY DESIGN TAPES,0.7817460317460317,1225,929.45,Other
10133,COLOURING PENCILS BROWN TUBE,0.5292622950819672,2373,1138.99,Other
10135,COLOURING PENCILS BROWN TUBE,1.1968067226890755,1936,1784.19,Other
11001,ASSTD DESIGN RACING CAR PEN,1.851875,1252,1953.0,Other
15030,FAN BLACK FRAME,0.29,143,41.47,Other
15034,PAPER POCKET TRAVELING FAN,0.13692307692307693,6419,697.0600000000001,Other
15036,ASSORTED COLOURS SILK FAN,0.8050153846153846,21876,16044.44,Other
15039,SANDALWOOD FAN,0.8362857142857143,1558,1132.3,Other
15044A,PINK PAPER PARASOL,3.017692307692308,422,1230.5800000000002,Other
15044B,BLUE PAPER PARASOL,2.9333333333333336,307,865.6500000000001,Other
15044C,PURPLE PAPER PARASOL,2.943333333333334,271,779.45,Other
15044D,RED PAPER PARASOL,2.9615068493150685,629,1732.7900000000002,Other
15056BL,EDWARDIAN PARASOL BLACK,5.8937113402061865,2779,15218.67,Other
15056N,EDWARDIAN PARASOL NATURAL,5.864236842105263,3822,20672.91,Other
15056P,EDWARDIAN PARASOL PINK,5.941185185185185,767,4242.26,Other
15058A,BLUE POLKADOT GARDEN PARASOL,7.8088235294117645,148,1104.6,Other
15058B,PINK POLKADOT GARDEN PARASOL,7.8621951219512205,115,866.25,Other
15058C,ICE CREAM DESIGN GARDEN PARASOL,6.35,193,894.35,Other
15060B,FAIRY CAKE DESIGN UMBRELLA,3.820315789473684,411,1482.87,Other
16008,SMALL FOLDING SCISSOR(POINTED EDGE),0.13614285714285712,2892,360.71,Other
16010,FOLDING CAMPING SCISSOR W/KNIF & S,0.12,30,3.5999999999999996,Other
16011,ANIMAL STICKERS,0.21,1749,367.29,Other
16012,FOOD/DRINK SPONGE STICKERS,0.21,1220,256.2,Other
16014,SMALL CHINESE STYLE SCISSOR,0.4014814814814815,13328,4335.76,Other
16015,MEDIUM CHINESE STYLE SCISSOR,0.48833333333333334,662,289.98,Other
16016,LARGE CHINESE STYLE SCISSOR,0.8460000000000001,1273,1053.45,Other
16020C,CLEAR STATIONERY BOX SET,0.85,6,5.1,Storage
16033,MINI HIGHLIGHTER PENS,0.12,840,100.80000000000001,Lighting
16043,POP ART PUSH DOWN RUBBER,0.12,98,11.759999999999998,Other
16045,POPART WOODEN PENCILS ASST,0.043478260869565216,8900,380.0,Other
16046,TEATIME PEN CASE & PENS,0.85,64,54.4,Other
16048,TEATIME ROUND PENCIL SHARPENER,0.13249999999999998,1436,186.72,Other
16049,TEATIME GEL PENS ASST,0.24,504,82.08,Other
16052,TEATIME PUSH DOWN RUBBER,0.305,467,105.28999999999999,Other
16054,POPART RECT PENCIL SHARPENER ASST,0.1290909090909091,1166,140.52,Other
16151A,FLOWERS HANDBAG blue and orange,1.25,49,61.25,Bags & Accessories
16156L,"WRAP, CAROUSEL",0.42,475,199.5,Other
16156S,WRAP PINK FAIRY CAKES,0.4168862275449102,5800,2331.0,Other
16161G,WRAP BAD HAIR DAY,0.1,700,70.0,Other
16161M,WRAP  PINK FLOCK,0.42,25,10.5,Other
16161P,WRAP ENGLISH ROSE,0.41943548387096774,7201,2980.42,Other
16161U,WRAP SUKI AND FRIENDS,0.41955223880597015,4075,1687.5,Other
16162L,THE KING GIFT BAG,0.65,17,11.05,Bags & Accessories
16162M,THE KING GIFT BAG 25x24x12cm,0.42,26,10.92,Bags & Accessories
16168M,FUNKY MONKEY GIFT BAG MEDIUM,0.42000000000000004,329,138.18,Bags & Accessories
16169E,WRAP 50'S  CHRISTMAS,0.41919999999999996,4563,1892.46,Home Decor
16169K,WRAP FOLK ART,0.42,200,84.0,Other
16169M,WRAP DAISY CARPET,0.42,660,277.2,Other
16169N,WRAP BLUE RUSSIAN FOLKART,0.42,25,10.5,Other
16169P,WRAP GREEN RUSSIAN FOLKART,0.42,50,21.0,Other
16202A,PASTEL PINK PHOTO ALBUM,0.5,7,3.5,Other
16202B,PASTEL BLUE PHOTO ALBUM,0.5,29,14.5,Other
16202E,BLACK PHOTO ALBUM,0.5,15,7.5,Other
16206B,RED PURSE WITH PINK HEART,1.25,7,8.75,Bags & Accessories
16207A,PINK STRAWBERRY HANDBAG,2.95,13,38.35000000000001,Bags & Accessories
16207B,PINK HEART RED HANDBAG,2.7866666666666666,4,11.31,Bags & Accessories
16216,LETTER SHAPE PENCIL SHARPENER,0.09463414634146342,3316,227.14,Other
16218,CARTOON  PENCIL SHARPENERS,0.0732,3760,253.2,Other
16219,HOUSE SHAPE PENCIL SHARPENER,0.09085106382978722,2915,309.9,Other
16225,RATTLE SNAKE EGGS,1.1866666666666668,760,596.84,Other
16235,RECYCLED PENCIL WITH RABBIT ERASER,0.21400000000000002,2629,518.1899999999999,Other
16236,KITTY PENCIL ERASERS,0.20931506849315068,1296,266.56,Other
16237,SLEEPING CAT ERASERS,0.2060843373493976,4595,885.45,Other
16238,PARTY TIME PENCIL ERASERS,0.2362820512820513,1259,265.09,Other
16244B,MAXWELL 2 TONE BLUE 60 PAGE PHOTO A,1.225,7,7.85,Other
16248B,BLUE HOLE PUNCH,1.25,13,16.25,Other
16254,TRANSPARENT ACRYLIC TAPE DISPENSER,1.0233333333333332,31,27.91,Other
16258A,SWIRLY CIRCULAR RUBBERS IN BAG,0.45921052631578946,445,156.53,Bags & Accessories
16259,PIECE OF CAMO STATIONERY SET,0.0967741935483871,3380,326.56,Other
17001,HEAVENS SCENT FRAGRANCE OILS ASSTD,0.29,72,20.88,Other
17003,BROCADE RING PURSE,0.3202403846153846,22927,5969.61,Bags & Accessories
17007B,S/3 POT POURI CUSHIONS BLUE COLOURS,2.1,24,50.400000000000006,Other
17011F,ORIGAMI SANDLEWOOD INCENSE+FLOWER,1.1333333333333335,80,62.15,Other
17012A,ORIGAMI VANILLA INCENSE/CANDLE SET,1.1079999999999999,270,244.89999999999998,Lighting
17012B,ORIGAMI JASMINE INCENSE/CANDLE SET,1.0763888888888888,455,422.54999999999995,Lighting
17012C,ORIGAMI LAVENDER INCENSE/CANDL SET,1.1186046511627907,362,341.8,Other
17012D,ORIGAMI ROSE INCENSE/CANDLE SET,1.0818181818181818,385,362.95,Lighting
17012E,ORIGAMI OPIUM INCENSE/CANDLE SET,1.8666666666666665,35,40.05,Lighting
17012F,ORIGAMI SANDLEWOOD INCENSE/CAND SET,1.0035714285714286,365,329.05,Other
17013D,ORIGAMI ROSE INCENSE IN TUBE,0.8672727272727272,532,257.88,Other
17014A,ORIGAMI VANILLA INCENSE CONES,0.6071428571428571,154,67.83,Other
17021,NAMASTE SWAGAT INCENSE,0.29411764705882354,2391,632.34,Other
17028J,INCENSE BAZAAR PEACH,0.42,6,2.52,Other
17038,PORCELAIN BUDAH INCENSE HOLDER,0.09526315789473684,1501,138.1,Other
17084A,TRANQUILITY MASALA INCENSE,0.21,200,42.0,Other
17084J,LOVE POTION MASALA INCENSE,0.21,225,47.25,Other
17084N,FAIRY DREAMS INCENSE,0.2084375,1025,212.75,Other
17084P,DRAGONS BLOOD INCENSE,0.21,349,73.29,Other
17084R,ASSORTED INCENSE PACK,0.20259259259259257,4032,760.3199999999999,Other
17090A,LAVENDER INCENSE 40 CONES IN TIN,1.17,109,107.45,Other
17090D,VANILLA INCENSE 40 CONES IN TIN,1.25,29,36.25,Other
17091A,LAVENDER INCENSE IN TIN,0.7976000000000001,171,98.91,Other
17091J,VANILLA INCENSE IN TIN,0.5476923076923077,2066,876.34,Other
17096,ASSORTED LAQUERED INCENSE HOLDERS,0.20076923076923076,2516,443.76000000000005,Other
17107D,"FLOWER FAIRY,5 SUMMER B'DRAW LINERS",2.55,170,433.5,Other
17109D,FLOWER FAIRY INCENSE BOUQUET,0.9039999999999999,61,32.349999999999994,Other
17129F,BLUE GLASS GEMS IN BAG,0.8436842105263158,427,291.25,Kitchen & Dining
17136A,BLUE STONES ON WIRE FOR CANDLE,0.10294117647058823,352,29.59,Lighting
17164B,ASS COL SMALL SAND GECKO P'WEIGHT,0.42,27,11.34,Other
17165D,ASS COL LARGE SAND FROG P'WEIGHT,1.05,27,28.35,Other
17174,ASSTD RASTA KEY-CHAINS,0.42,9,3.7800000000000002,Other
17191A,ROSE FLOWER CANDLE+INCENSE 16X16CM,3.75,4,15.0,Lighting
18007,ESSENTIAL BALM 3.5g TIN IN ENVELOPE,0.16666666666666666,5856,383.76,Other
18094C,WHITE AND BLUE CERAMIC OIL BURNER,1.1966666666666665,134,153.1,Other
18097A,PINK TALL PORCELAIN T-LIGHT HOLDER,2.55,5,12.75,Lighting
18097C,WHITE TALL PORCELAIN T-LIGHT HOLDER,2.503846153846154,669,1461.15,Lighting
18098C,PORCELAIN BUTTERFLY OIL BURNER,2.918421052631579,193,540.5500000000001,Other
20615,BLUE POLKADOT PASSPORT COVER,1.4831428571428573,231,233.34,Other
20616,CHERRY BLOSSOM PASSPORT COVER,1.3172,134,122.78,Other
20617,FIRST CLASS PASSPORT COVER,2.224615384615385,66,137.74,Other
20618,QUEEN OF THE SKIES PASSPORT COVER,2.0707142857142857,68,137.88,Other
20619,TROPICAL PASSPORT COVER,2.309090909090909,142,206.23,Other
20622,VIPPASSPORT COVER,1.99,162,238.08,Other
20652,BLUE POLKADOT LUGGAGE TAG,1.4333333333333333,147,191.01,Other
20653,CHERRY BLOSSOM LUGGAGE TAG,1.6533333333333333,33,43.67,Other
20654,FIRST CLASS LUGGAGE TAG,1.2341666666666666,105,126.69,Other
20655,QUEEN OF SKIES LUGGAGE TAG,1.31,89,109.11,Other
20657,TROPICAL LUGGAGE TAG,1.3513636363636363,61,76.39,Other
20658,RED RETROSPOT LUGGAGE TAG,1.25,327,408.75,Other
20659,ECONOMY LUGGAGE TAG,1.5499999999999998,94,139.56,Other
20661,BLUE POLKADOT PURSE,4.654,9,35.07,Bags & Accessories
20662,FIRST CLASS HOLIDAY PURSE,4.086,11,40.97,Bags & Accessories
20663,QUEEN OF THE SKIES HOLIDAY PURSE,3.896666666666667,3,11.690000000000001,Bags & Accessories
20664,TROPICAL HOLIDAY PURSE,2.9500000000000006,6,17.700000000000003,Bags & Accessories
20665,RED RETROSPOT PURSE,2.944520547945206,340,998.2000000000002,Bags & Accessories
20666,ECONOMY HOLIDAY PURSE,2.95,4,11.8,Bags & Accessories
20667,CHERRY BLOSSOM PURSE,2.95,1,2.95,Bags & Accessories
20668,DISCO BALL CHRISTMAS DECORATION,0.11847826086956523,12618,1397.04,Home Decor
20669,RED HEART LUGGAGE TAG,1.25,195,243.75,Home Decor
20670,VIP HOLIDAY PURSE,3.896666666666667,8,29.28,Bags & Accessories
20671,BLUE TEATIME PRINT BOWL,1.25,10,12.5,Kitchen & Dining
20674,GREEN POLKADOT BOWL,1.2517333333333334,1360,1632.81,Kitchen & Dining
20675,BLUE POLKADOT BOWL,1.2418666666666667,2728,3178.65,Kitchen & Dining
20676,RED RETROSPOT BOWL,1.2437123745819398,4310,4980.7300000000005,Kitchen & Dining
20677,PINK POLKADOT BOWL,1.2584234234234235,3157,3640.08,Kitchen & Dining
20678,LARGE BLACK DIAMANTE HAIRSLIDE,1.65,4,6.6,Other
20679,EDWARDIAN PARASOL RED,5.920369003690038,1630,9055.87,Other
20681,PINK POLKADOT CHILDRENS UMBRELLA,3.25,125,406.25,Other
20682,RED RETROSPOT CHILDRENS UMBRELLA,3.312950819672131,1140,3629.66,Other
20684,STRAWBERRY DREAM CHILDS UMBRELLA,3.25,77,250.25,Other
20685,DOORMAT RED RETROSPOT,7.758093587521664,3897,25364.85,Other
20686,DOLLY MIXTURE CHILDREN'S UMBRELLA,3.3028125,252,822.38,Toys & Games
20694,FLORAL PINK MONSTER,3.75,36,135.0,Other
20695,FLORAL BLUE MONSTER,4.25,5,21.25,Other
20696,FLORAL SOFT CAR TOY,3.75,32,120.0,Toys & Games
20697,LITTLE GREEN MONSTER SOFT TOY,2.55,17,43.349999999999994,Toys & Games
20698,LITTLE PINK MONSTER SOFT TOY,2.55,16,40.8,Toys & Games
20699,MOUSEY LONG LEGS SOFT TOY,2.55,29,73.95,Toys & Games
20700,GREEN CAT FLORAL CUSHION COVER,3.75,10,37.5,Other
20701,PINK CAT FLORAL CUSHION COVER,3.75,6,22.5,Other
20702,PINK PADDED MOBILE,4.25,127,539.75,Other
20703,BLUE PADDED SOFT MOBILE,4.25,1,4.25,Other
20704,MR ROBOT SOFT TOY,4.77051282051282,211,626.45,Toys & Games
20705,MRS ROBOT SOFT TOY,4.807142857142857,143,428.85,Toys & Games
20707,CRAZY DAISY HEART DECORATION,1.5438709677419356,155,195.52,Home Decor
20711,JUMBO BAG TOYS,2.01331983805668,4198,7689.28,Bags & Accessories
20712,JUMBO BAG WOODLAND ANIMALS,2.0361971830985914,8187,15511.6,Bags & Accessories
20713,JUMBO BAG OWLS,2.018870192307692,10451,19047.02,Bags & Accessories
20716,PARTY FOOD SHOPPER BAG,1.2445714285714287,314,373.5,Bags & Accessories
20717,STRAWBERRY SHOPPER BAG,1.2760425531914894,2034,2453.38,Bags & Accessories
20718,RED RETROSPOT SHOPPER BAG,1.2659948320413437,4257,5106.56,Bags & Accessories
20719,WOODLAND CHARLOTTE BAG,0.8454089219330855,9219,7261.94,Bags & Accessories
20723,STRAWBERRY CHARLOTTE BAG,0.8602217741935484,6842,5516.7,Bags & Accessories
20724,RED RETROSPOT CHARLOTTE BAG,0.8493048128342245,12805,10122.45,Bags & Accessories
20725,LUNCH BAG RED RETROSPOT,1.6590490797546014,17776,28158.8,Bags & Accessories
20726,LUNCH BAG WOODLAND,1.6593862815884475,9091,14497.51,Bags & Accessories
20727,LUNCH BAG  BLACK SKULL.,1.6436920222634508,11246,17950.3,Bags & Accessories
20728,LUNCH BAG CARS BLUE,1.6569600818833161,10789,17214.53,Bags & Accessories
20731,POSY CANDY BAG,1.25,74,92.5,Bags & Accessories
20733,GOLD MINI TAPE MEASURE,0.8387234042553192,916,687.2,Other
20735,BLACK MINI TAPE MEASURE,0.8456666666666667,158,121.3,Other
20748,KENSINGTON COFFEE SET,12.75,53,675.75,Other
20749,ASSORTED COLOUR MINI CASES,7.790109289617486,1717,12107.51,Other
20750,RED RETROSPOT MINI CASES,7.748907103825136,1711,12208.85,Other
20751,FUNKY WASHING UP GLOVES ASSORTED,2.0953409090909094,941,1917.0600000000002,Other
20752,BLUE POLKADOT WASHING UP GLOVES,2.1,360,756.0,Other
20754,RETROSPOT RED WASHING UP GLOVES,2.089834710743802,1355,2668.38,Other
20755,BLUE PAISLEY POCKET BOOK,0.85,291,247.35,Other
20756,GREEN FERN POCKET BOOK,0.85,63,53.55,Other
20757,RED DAISY POCKET BOOK,0.8751612903225806,155,132.53,Other
20758,ABSTRACT CIRCLES POCKET BOOK,0.85,158,134.29999999999998,Other
20759,CHRYSANTHEMUM POCKET BOOK,0.85,64,54.4,Other
20760,GARDEN PATH POCKET BOOK,0.85,69,58.65,Other
20761,BLUE PAISLEY SKETCHBOOK,3.821346153846154,107,408.67,Other
20762,GREEN FERN SKETCHBOOK,3.8227450980392157,101,382.46,Other
20763,DAISY SKETCHBOOK,3.6984,71,189.96,Other
20764,ABSTRACT CIRCLES SKETCHBOOK,3.9324590163934428,126,483.63,Other
20765,CHRYSANTHEMUM SKETCHBOOK,3.968235294117647,94,367.34,Other
20766,GARDEN PATH SKETCHBOOK,3.887916666666667,111,414.58,Other
20767,BLUE PAISLEY JOURNAL,2.625344827586207,214,534.32,Other
20768,GREEN FERN JOURNAL,2.6044444444444443,130,317.71,Other
20769,DAISY JOURNAL,2.6426923076923075,66,173.12,Other
20770,ABSTRACT CIRCLE JOURNAL,2.533928571428571,107,256.65,Other
20771,CHRYSANTHEMUM  JOURNAL,2.639259259259259,70,180.91,Other
20772,GARDEN PATH JOURNAL,2.592608695652174,218,534.46,Other
20773,BLUE PAISLEY NOTEBOOK,1.6499999999999997,56,92.39999999999999,Other
20774,GREEN FERN NOTEBOOK,1.65,52,85.8,Other
20775,DAISY NOTEBOOK,1.65,63,103.95,Other
20777,CHRYSANTHEMUM NOTEBOOK,1.65,95,156.75,Other
20778,GARDEN PATH NOTEBOOK,1.65,15,24.75,Other
20780,BLACK EAR MUFF HEADPHONES,5.737777777777778,36,192.86,Other
20781,GOLD EAR MUFF HEADPHONES,5.136,29,152.13,Other
20782,CAMOUFLAGE EAR MUFF HEADPHONES,5.593529411764706,39,215.87,Other
20785,FUSCHIA RETRO BAR STOOL,39.15,14,523.3000000000001,Other
20793,BLUE TILED TRAY,6.75,8,54.0,Other
20794,BLUE  TILE HOOK,2.5218749999999996,85,213.14999999999998,Other
20795,LARGE BLUE PROVENCAL CERAMIC BALL,2.1,44,92.4,Other
20796,SMALL BLUE PROVENCAL CERAMIC BALL,1.65,61,100.64999999999999,Other
20798,CLEAR MILKSHAKE GLASS,2.1,36,75.60000000000001,Kitchen & Dining
20801,LARGE PINK GLASS SUNDAE DISH,0.9405454545454546,848,708.16,Kitchen & Dining
20802,SMALL GLASS SUNDAE DISH CLEAR,1.4686363636363635,648,730.44,Kitchen & Dining
20803,SMALL PINK GLASS SUNDAE DISH,0.5196774193548387,911,383.90999999999997,Kitchen & Dining
20816,GOLD FLOWER CUSHION COVER,1.95,8,15.6,Other
20818,GOLD TEDDY BEAR,2.5,12,20.0,Other
20819,SILVER TEDDY BEAR,3.981875,48,183.71,Other
20820,SILVER LOOKING MIRROR,4.95,5,24.75,Other
20821,GOLDIE LOOKING MIRROR,4.95,16,79.2,Other
20823,GOLD WINE GOBLET,0.79,160,126.4,Other
20826,SILVER APERITIF GLASS,0.8225,276,128.4,Kitchen & Dining
20827,GOLD APERITIF GLASS,0.39,88,34.32,Kitchen & Dining
20828,GLITTER BUTTERFLY CLIPS,2.5402173913043478,1010,2489.1,Other
20829,GLITTER HANGING BUTTERFLY STRING,2.153095238095238,1264,2528.39,Other
20830,SILVER PHOTO FRAME,2.1,75,157.5,Other
20831,GOLD PHOTO FRAME,1.8645833333333333,169,272.34000000000003,Other
20832,RED FLOCK LOVE HEART PHOTO FRAME,0.5778571428571428,1010,517.68,Home Decor
20835,FRENCH LATTICE CUSHION COVER,0.83,66,54.78,Other
20836,FRENCH PAISLEY CUSHION COVER,0.83,170,141.10000000000002,Other
20837,FRENCH FLORAL CUSHION COVER,0.9713333333333334,141,142.47000000000003,Other
20838,FRENCH LATTICE CUSHION COVER,0.9239393939393938,330,282.94,Other
20839,FRENCH PAISLEY CUSHION COVER,0.9855102040816326,452,411.84,Other
20840,FRENCH FLORAL CUSHION COVER,0.9609090909090909,464,399.28,Other
20845,ZINC HEART LATTICE 2 WALL PLANTER,6.35,19,120.64999999999999,Home Decor
20846,ZINC HEART LATTICE T-LIGHT HOLDER,1.2601587301587303,646,784.22,Lighting
20847,ZINC HEART LATTICE CHARGER LARGE,3.75,46,172.5,Home Decor
20848,ZINC HEART LATTICE CHARGER SMALL,2.95,21,61.95,Home Decor
20851,ZINC HEART LATTICE TRAY OVAL,5.95,9,53.550000000000004,Home Decor
20854,BLUE PATCH PURSE PINK HEART,1.638235294117647,164,252.79999999999998,Bags & Accessories
20856,DENIM PATCH PURSE PINK BUTTERFLY,1.65,140,231.0,Bags & Accessories
20857,BLUE ROSE PATCH PURSE PINK BUTTERFL,1.65,32,52.8,Bags & Accessories
20861,GOLD COSMETIC BAG PINK STAR,2.1,2,4.2,Bags & Accessories
20866,BLUE ROSE FABRIC MIRROR,1.305135135135135,408,487.34,Other
20867,PINK ROSE FABRIC MIRROR,1.2424,187,231.47,Other
20868,SILVER FABRIC MIRROR,0.567741935483871,381,159.26,Other
20869,GOLD FABRIC MIRROR,0.39,139,54.21,Other
20878,SET/9 CHRISTMAS T-LIGHTS SCENTED,1.25,24,30.0,Lighting
20886,BOX OF 9 PEBBLE CANDLES,1.946153846153846,452,851.4,Lighting
20892,SET/3 TALL GLASS CANDLE HOLDER PINK,12.75,1,12.75,Lighting
20893,HANGING BAUBLE T-LIGHT HOLDER SMALL,2.478947368421052,258,566.5500000000001,Lighting
20894,HANGING BAUBLE T-LIGHT HOLDER LARGE,2.95,25,73.75,Lighting
20897,VINTAGE NOTEBOOK PARIS DAYS,2.9000000000000004,85,230.35,Other
20898,VINTAGE NOTEBOOK TRAVELOGUE,2.95,25,73.75,Other
20901,VINTAGE KEEPSAKE BOX PINK FLOWER,6.35,3,19.049999999999997,Storage
20902,VINTAGE KEEPSAKE BOX PARIS DAYS,6.216666666666666,33,190.35,Storage
20903,VINTAGE KEEPSAKE BOX TRAVELOGUE,6.35,20,127.0,Storage
20906,VINTAGE NOTEBOOK BEAUTY GIRL,2.95,3,8.850000000000001,Other
20910,VINTAGE PHOTO ALBUM PARIS DAYS,6.349999999999999,8,50.8,Other
20914,SET/5 RED RETROSPOT LID GLASS BOWLS,2.9525322997416024,6159,17271.530000000002,Kitchen & Dining
20931,BLUE POT PLANT CANDLE,3.114864864864865,263,794.45,Lighting
20932,PINK POT PLANT CANDLE,3.0090909090909093,189,516.25,Lighting
20933,YELLOW POT PLANT CANDLE,3.127777777777778,23,71.05,Lighting
20934,SET/3 POT PLANT CANDLES,5.45,54,294.3,Lighting
20935,ROUND CACTUS CANDLE,2.95,6,17.700000000000003,Lighting
20936,FORKED CACTUS CANDLE,3.0876923076923077,92,272.98,Lighting
20941,FROG CANDLE,1.25,61,76.25,Lighting
20956,PORCELAIN T-LIGHT HOLDERS ASSORTED,1.2903333333333333,728,913.63,Lighting
20961,STRAWBERRY BATH SPONGE,1.316171875,1026,1301.86,Other
20963,APPLE BATH SPONGE,1.32744,1100,1397.99,Other
20964,POLYESTER FILLER PAD 60x40cm,2.55,2,5.1,Other
20966,SANDWICH BATH SPONGE,1.2453658536585366,589,698.25,Other
20967,GREY FLORAL FELTCRAFT SHOULDER BAG,3.75,256,960.0,Bags & Accessories
20969,RED FLORAL FELTCRAFT SHOULDER BAG,3.8198054474708174,1874,6726.81,Bags & Accessories
20970,PINK FLORAL FELTCRAFT SHOULDER BAG,3.781038961038961,1080,3979.88,Bags & Accessories
20971,PINK BLUE FELT CRAFT TRINKET BOX,1.2698047722342733,10217,11619.39,Storage
20972,PINK CREAM FELT CRAFT TRINKET BOX,1.2748613678373384,7106,8617.24,Storage
20973,12 PENCIL SMALL TUBE WOODLAND,0.6657342657342658,3998,2545.3,Other
20974,12 PENCILS SMALL TUBE SKULL,0.6483277591973244,6727,4230.55,Other
20975,12 PENCILS SMALL TUBE RED RETROSPOT,0.6490353697749196,6393,4096.650000000001,Other
20977,36 PENCILS TUBE WOODLAND,1.2486713286713287,1595,1969.43,Other
20978,36 PENCILS TUBE SKULLS,1.2489560439560439,1627,2009.43,Other
20979,36 PENCILS TUBE RED RETROSPOT,1.244217391304348,3518,4227.26,Other
20980,36 PENCILS TUBE POSY,1.25,27,33.75,Other
20981,12 PENCILS TALL TUBE WOODLAND,0.85,1849,1571.6499999999999,Other
20982,12 PENCILS TALL TUBE SKULLS,0.8494036697247705,2014,1705.6599999999999,Other
20983,12 PENCILS TALL TUBE RED RETROSPOT,0.8494650205761316,2643,2240.31,Other
20984,12 PENCILS TALL TUBE POSY,0.3644508670520231,3782,1161.1799999999998,Other
20985,HEART CALCULATOR,1.2791304347826087,1013,1155.88,Home Decor
20986,BLUE CALCULATOR RULER,1.3231147540983605,459,543.01,Other
20992,JAZZ HEARTS PURSE NOTEBOOK,0.45910852713178296,4339,1845.87,Bags & Accessories
20996,JAZZ HEARTS ADDRESS BOOK,0.2532972972972973,3054,648.12,Home Decor
20997,ROSE DU SUD CUSHION COVER,4.95,15,74.25,Other
20998,ROSE DU SUD OVEN GLOVE,2.935714285714286,119,348.25000000000006,Other
21000,ROSE DU SUD COSMETICS BAG,4.25,45,191.25,Bags & Accessories
21001,ROSE DU SUD WASHBAG,5.95,24,142.8,Bags & Accessories
21002,ROSE DU SUD DRAWSTRING BAG,4.25,13,55.25,Bags & Accessories
21003,ROSE DU SUD CUSHION COVER,6.349999999999999,13,82.55,Other
21011,GLITTER SNOW PEAR TREE DECORATION,1.45,18,26.099999999999998,Home Decor
21012,ANTIQUE ALL GLASS CANDLESTICK,2.085,565,1129.1,Lighting
21014,SWISS CHALET TREE DECORATION,0.41,1233,455.56999999999994,Home Decor
21015,DARK BIRD HOUSE TREE DECORATION,0.3234328358208955,1249,377.33,Home Decor
21018,BIRD BOX CHRISTMAS TREE DECORATION,0.85,22,18.7,Home Decor
21025,SPACE FROG,1.465,100,127.25,Other
21026,SPACE OWL,1.3513636363636363,140,173.62,Other
21027,NINJA RABBIT PINK,1.2394444444444443,99,119.95,Other
21028,NINJA RABBIT BLACK,1.52,116,148.29,Other
21030,SPACE CADET RED,1.305,111,141.17,Other
21031,SPACE CADET BLACK,1.371,39,49.96,Other
21032,SPACE CADET WHITE,1.492,64,83.63,Other
21033,JUMBO BAG CHARLIE AND LOLA TOYS,2.3205555555555555,921,1932.67,Bags & Accessories
21034,REX CASH+CARRY JUMBO SHOPPER,0.95,1832,1740.3999999999999,Other
21035,SET/2 RED RETROSPOT TEA TOWELS,3.2909049773755656,2315,6807.01,Other
21038,SET/4 MODERN VINTAGE COTTON NAPKINS,1.1656521739130437,77,86.75,Other
21039,RED RETROSPOT SHOPPING BAG,2.7124675324675325,510,1284.66,Bags & Accessories
21040,MODERN VINTAGE COTTON SHOPPING BAG,1.67,22,29.7,Bags & Accessories
21041,RED RETROSPOT OVEN GLOVE DOUBLE,2.95,569,1678.5500000000002,Other
21042,RED RETROSPOT APRON,5.95,302,1796.9,Other
21043,APRON MODERN VINTAGE COTTON,2.300877192982456,441,927.9499999999999,Other
21051,RIBBONS PURSE,2.1845833333333333,108,228.83,Bags & Accessories
21054,NURSE'S BAG SOFT TOY,8.95,68,608.5999999999999,Bags & Accessories
21055,TOOL BOX SOFT TOY,9.511951219512193,144,1350.24,Toys & Games
21056,DOCTOR'S BAG SOFT TOY,9.749393939393938,174,1640.1799999999998,Bags & Accessories
21058,PARTY INVITES WOODLAND,0.8646067415730337,1046,853.2199999999999,Other
21059,PARTY INVITES DINOSAURS,0.8500000000000001,573,487.04999999999995,Other
21060,PARTY INVITES BALLOON GIRL,0.85,356,302.59999999999997,Other
21061,PARTY INVITES FOOTBALL,0.8499999999999999,412,350.2,Other
21062,PARTY INVITES SPACEMAN,0.85,500,425.0,Other
21063,PARTY INVITES JAZZ HEARTS,0.8692592592592592,483,412.10999999999996,Home Decor
21064,BOOM BOX SPEAKER BOYS,5.026785714285714,171,740.1500000000001,Storage
21065,BOOM BOX SPEAKER GIRLS,4.271428571428571,485,827.15,Storage
21066,VINTAGE RED MUG,1.234390243902439,687,656.37,Kitchen & Dining
21067,VINTAGE RED TEATIME MUG,1.2454761904761906,201,246.88,Kitchen & Dining
21068,VINTAGE BILLBOARD LOVE/HATE MUG,1.2177777777777778,1535,1637.71,Kitchen & Dining
21069,VINTAGE BILLBOARD TEA MUG,1.2350980392156863,1867,2047.8000000000002,Kitchen & Dining
21070,VINTAGE BILLBOARD MUG,1.3275641025641025,1032,1058.54,Kitchen & Dining
21071,VINTAGE BILLBOARD DRINK ME MUG,1.2314678899082567,845,1020.98,Kitchen & Dining
21078,SET/20 STRAWBERRY PAPER NAPKINS,0.8504950495049504,2483,1972.73,Other
21080,SET/20 RED RETROSPOT PAPER NAPKINS,0.8390080428954423,12305,9649.99,Other
21084,SET/6 COLLAGE PAPER CUPS,0.25754716981132075,2199,463.85,Kitchen & Dining
21086,SET/6 RED SPOTTY PAPER CUPS,0.6589041095890411,6573,3999.09,Kitchen & Dining
21087,SET/6 POSIES PAPER CUPS,0.466,126,62.12,Kitchen & Dining
21088,SET/6 FRUIT SALAD PAPER CUPS,0.257027027027027,1576,345.42,Kitchen & Dining
21089,SET/6 GREEN SPRING PAPER CUPS,0.22833333333333336,231,45.73,Kitchen & Dining
21090,SET/6 COLLAGE PAPER PLATES,0.4594017094017094,1664,704.26,Kitchen & Dining
21094,SET/6 RED SPOTTY PAPER PLATES,0.8289634146341462,7351,5496.53,Kitchen & Dining
21095,SET/6 POSIES PAPER PLATES,0.85,95,80.75,Kitchen & Dining
21096,SET/6 FRUIT SALAD  PAPER PLATES,0.4482857142857143,1143,479.25,Kitchen & Dining
21098,CHRISTMAS TOILET ROLL,1.3046285714285715,3164,3665.05,Home Decor
21100,CHARLIE AND LOLA CHARLOTTE BAG,1.65,43,70.95,Bags & Accessories
21106,CREAM SLICE FLANNEL CHOCOLATE SPOT,2.9042857142857144,193,530.95,Other
21107,CREAM SLICE FLANNEL PINK SPOT,2.8674603174603175,837,2209.95,Other
21108,FAIRY CAKE FLANNEL ASSORTED COLOUR,1.3961139896373056,10070,17291.57,Other
21109,"LARGE CAKE TOWEL, CHOCOLATE SPOTS",4.172222222222222,836,2129.4,Other
21110,LARGE CAKE TOWEL PINK SPOTS,5.461392405063291,774,2288.2999999999997,Other
21111,"SWISS ROLL TOWEL, CHOCOLATE  SPOTS",2.1598039215686278,788,1290.3,Other
21112,"SWISS ROLL TOWEL, PINK  SPOTS",2.5917391304347825,1245,2551.83,Other
21114,LAVENDER SCENTED FABRIC HEART,1.3224806201550388,1327,1674.03,Home Decor
21115,ROSE CARAVAN DOORSTOP,5.874307692307692,519,2567.61,Other
21116,OWL DOORSTOP,4.948644067796611,489,2339.19,Other
21117,BLOND DOLL DOORSTOP,1.6428571428571428,109,141.75,Toys & Games
21121,SET/10 RED POLKADOT PARTY CANDLES,1.2466470588235294,6498,7794.18,Lighting
21122,SET/10 PINK POLKADOT PARTY CANDLES,1.2514516129032258,5251,6346.08,Lighting
21123,SET/10 IVORY POLKADOT PARTY CANDLES,1.2374,973,1213.31,Lighting
21124,SET/10 BLUE POLKADOT PARTY CANDLES,1.2475,3966,4793.34,Lighting
21125,SET 6 FOOTBALL CELEBRATION CANDLES,1.25,595,743.75,Lighting
21126,SET OF 6 GIRLS CELEBRATION CANDLES,1.2472058823529413,487,604.19,Lighting
21128,GOLD FISHING GNOME,6.9193750000000005,47,284.16,Other
21129,SILVER FISHING GNOME,8.2775,45,332.3,Other
21131,GOLD STANDING GNOME,3.8676470588235294,93,290.25,Other
21132,SILVER STANDING GNOME,3.875,35,142.75,Other
21135,VICTORIAN  METAL POSTCARD SPRING,1.6656287425149698,2707,2973.55,Other
21136,PAINTED METAL PEARS ASSORTED,1.6926536312849163,4454,7454.22,Other
21137,BLACK RECORD COVER FRAME,3.659681528662421,11401,39045.8,Other
21143,ANTIQUE GLASS HEART DECORATION,1.95,295,575.25,Kitchen & Dining
21145,ANTIQUE GLASS PLACE SETTING,1.25,122,152.5,Kitchen & Dining
21147,JINGLE BELLS TREE DECORATION,2.2800000000000002,89,200.94,Home Decor
21154,RED RETROSPOT OVEN GLOVE,1.2948689138576779,3186,3750.38,Other
21155,RED RETROSPOT PEG BAG,2.520891364902507,2458,5874.95,Bags & Accessories
21156,RETROSPOT CHILDRENS APRON,2.000853242320819,3038,5585.92,Other
21157,RED RETROSPOT WASHBAG,2.1,48,100.80000000000001,Bags & Accessories
21158,MOODY GIRL DOOR HANGER,0.6216556291390729,1422,684.9599999999999,Other
21159,MOODY BOY  DOOR HANGER,0.6942592592592592,1108,542.36,Other
21161,KEEP OUT BOYS DOOR HANGER,1.45,130,188.5,Other
21162,TOXIC AREA  DOOR HANGER,0.6111510791366906,1413,695.23,Other
21163,DO NOT TOUCH MY STUFF DOOR HANGER,0.6968421052631579,1171,599.79,Other
21164,HOME SWEET HOME METAL SIGN,2.938145161290323,1712,4844.72,Other
21165,BEWARE OF THE CAT METAL SIGN,1.6722465753424658,4025,6401.93,Other
21166,COOK WITH WINE METAL SIGN,2.0385831960461287,10169,20232.13,Other
21167,WHITE SAGE INCENSE,0.21,1260,264.6,Other
21169,YOU'RE CONFUSING ME METAL SIGN,1.6720689655172414,4270,6743.9800000000005,Other
21171,BATHROOM METAL SIGN,1.4333333333333333,424,566.8,Other
21172,PARTY METAL SIGN,1.487248677248677,3330,4701.0199999999995,Other
21174,POTTERING IN THE SHED METAL SIGN,2.07,3922,8364.640000000001,Other
21175,GIN + TONIC DIET METAL SIGN,2.466460431654676,11975,26063.34,Other
21179,NO JUNK MAIL METAL SIGN,0.7450000000000001,1783,1019.5899999999999,Other
21181,PLEASE ONE PERSON METAL SIGN,2.072354609929078,11932,23865.820000000003,Other
21187,WHITE BELL HONEYCOMB PAPER GARLAND,1.638235294117647,328,522.0,Other
21188,3D HEARTS  HONEYCOMB PAPER GARLAND,2.926470588235294,294,838.5000000000001,Home Decor
21189,WHITE HONEYCOMB PAPER GARLAND,1.65,165,272.25,Other
21190,PINK HEARTS PAPER GARLAND,1.5928571428571427,168,245.20000000000002,Home Decor
21191,LARGE WHITE HONEYCOMB PAPER BELL,2.0813636363636365,394,788.04,Other
21192,WHITE BELL HONEYCOMB PAPER,1.6214285714285712,924,1390.2,Other
21194,PINK  HONEYCOMB PAPER FAN,0.9261904761904761,436,364.6,Other
21195,PINK  HONEYCOMB PAPER BALL,1.8675,417,607.86,Other
21196,ROUND WHITE CONFETTI IN TUBE,1.65,89,146.85,Other
21197,MULTICOLOUR  CONFETTI IN TUBE,1.5246153846153847,243,322.71,Other
21198,WHITE HEART CONFETTI IN TUBE,1.3754,963,929.91,Home Decor
21199,PINK  HEART CONFETTI IN TUBE,1.3948979591836734,864,766.56,Home Decor
21200,MULTICOLOUR HONEYCOMB PAPER GARLAND,1.5012820512820513,1010,1272.9,Other
21201,TROPICAL  HONEYCOMB PAPER GARLAND,2.502,1175,2672.25,Other
21202,DOLLY HONEYCOMB GARLAND,1.45,448,403.20000000000005,Toys & Games
21204,DAISIES  HONEYCOMB GARLAND,1.65,419,691.35,Other
21205,MULTICOLOUR 3D BALLS GARLAND,2.55,209,532.95,Other
21206,STRAWBERRY HONEYCOMB  GARLAND,1.5487012987012987,1220,1446.6,Other
21207,SKULL AND CROSSBONES  GARLAND,1.6288235294117646,981,1532.25,Other
21208,PASTEL COLOUR HONEYCOMB FAN,0.626140350877193,873,531.6899999999999,Other
21209,MULTICOLOUR HONEYCOMB FAN,0.6794736842105262,1142,669.12,Other
21210,SET OF 72 RETROSPOT PAPER  DOILIES,1.463013698630137,5677,7943.0199999999995,Other
21211,SET OF 72 SKULL PAPER  DOILIES,1.4440298507462686,815,1143.35,Other
21212,PACK OF 72 RETROSPOT CAKE CASES,0.5481809523809524,33670,16381.88,Other
21213,PACK OF 72 SKULL CAKE CASES,0.5405742574257426,14302,6855.46,Other
21215,IVORY PAPER CUP CAKE CASES,0.54796875,866,460.7,Kitchen & Dining
21216,"SET 3 RETROSPOT TEA,COFFEE,SUGAR",4.8976734693877555,1836,8330.12,Other
21217,RED RETROSPOT ROUND CAKE TINS,9.860505836575873,974,9178.3,Other
21218,RED SPOTTY BISCUIT TIN,3.755631067961165,2058,7071.2,Other
21219,SET/4 BADGES BALLOON GIRL,1.3625581395348838,323,408.59,Other
21220,SET/4 BADGES DOGS,1.397560975609756,229,299.56,Other
21221,SET/4 BADGES CUTE CREATURES,1.3004166666666668,201,262.14,Other
21222,SET/4 BADGES BEETLES,1.4852777777777777,194,252.18,Other
21224,SET/4 SKULL BADGES,1.247710843373494,734,913.7,Other
21226,POCKET MIRROR WOODLAND,1.25,8,10.0,Other
21228,"POCKET MIRROR ""GLAMOROUS""",1.25,5,6.25,Other
21231,SWEETHEART CERAMIC TRINKET BOX,1.2735248041775458,5748,6864.610000000001,Home Decor
21232,STRAWBERRY CERAMIC TRINKET BOX,1.2564906303236796,10354,12195.06,Storage
21238,RED RETROSPOT CUP,0.8476785714285714,3519,2822.41,Kitchen & Dining
21239,PINK  POLKADOT CUP,0.8461576354679802,2572,2049.7,Kitchen & Dining
21240,BLUE POLKADOT CUP,0.8410138248847926,3153,2484.53,Kitchen & Dining
21242,RED RETROSPOT PLATE,1.6737837837837837,3071,4855.91,Kitchen & Dining
21243,PINK  POLKADOT PLATE,1.6722818791946308,2113,3329.0499999999997,Kitchen & Dining
21244,BLUE POLKADOT PLATE,1.672162162162162,2131,3359.47,Kitchen & Dining
21245,GREEN POLKADOT PLATE,1.6963366336633663,1011,1618.03,Kitchen & Dining
21246,RED RETROSPOT BIG BOWL,4.932051282051282,175,849.45,Kitchen & Dining
21248,DOOR HANGER  MUM + DADS ROOM,1.4499999999999997,187,271.15,Other
21249,WOODLAND  HEIGHT CHART STICKERS,2.9145569620253164,672,1874.4,Other
21250,SET OF SKULL WALL STICKERS,2.926470588235294,92,257.0,Other
21251,DINOSAUR HEIGHT CHART STICKER SET,2.95,165,486.75000000000006,Other
21253,SET OF PICTURE FRAME  STICKERS,2.8150000000000004,65,189.59000000000003,Other
21257,VICTORIAN SEWING BOX MEDIUM,7.981633986928105,488,3727.44,Storage
21258,VICTORIAN SEWING BOX LARGE,12.952358490566038,425,5014.23,Storage
21259,VICTORIAN SEWING BOX SMALL,5.927257383966245,1123,6402.360000000001,Storage
21260,FIRST AID TIN,3.2376666666666667,1129,3530.35,Other
21261,GREEN GOOSE FEATHER CHRISTMAS TREE,3.468518518518519,167,520.6500000000001,Home Decor
21262,WHITE GOOSE FEATHER CHRISTMAS TREE,2.95,265,781.7500000000001,Home Decor
21263,GREEN GOOSE FEATHER TREE 60CM,1.9499999999999997,161,313.95,Other
21264,WHITE GOOSE FEATHER TREE 60CM,1.9499999999999997,254,495.29999999999995,Other
21265,PINK GOOSE FEATHER TREE 60CM,1.95,128,249.59999999999997,Other
21268,VINTAGE BLUE TINSEL REEL,0.42,2,0.84,Other
21269,ANTIQUE CREAM CUTLERY SHELF,8.5,28,238.0,Other
21270,ANTIQUE CREAM CUTLERY CUPBOARD,12.75,14,178.5,Kitchen & Dining
21272,SALLE DE BAIN HOOK,1.251290322580645,498,653.8199999999999,Other
21275,ZINC TOP  2 DOOR WOODEN SHELF,16.95,10,169.5,Other
21277,FRENCH STYLE EMBOSSED HEART CABINET,21.302500000000002,23,485.9,Home Decor
21278,VINTAGE KITCHEN PRINT PUDDINGS,2.55,31,79.05,Other
21279,VINTAGE KITCHEN PRINT FRUITS,2.55,65,165.75,Other
21280,VINTAGE KITCHEN PRINT VEGETABLES,2.55,65,165.75,Other
21281,VINTAGE KITCHEN PRINT SEAFOOD,2.55,35,89.24999999999999,Other
21284,RETROSPOT CANDLE  SMALL,1.1832,384,311.84000000000003,Lighting
21285,RETROSPOT CANDLE  MEDIUM,1.6400000000000001,350,357.62,Lighting
21286,RETROSPOT CANDLE  LARGE,1.2577777777777777,255,279.37,Lighting
21287,SCENTED VELVET LOUNGE CANDLE,0.508888888888889,1788,755.13,Lighting
21288,STRIPEY CHOCOLATE NESTING BOXES,2.91,253,707.95,Storage
21289,LARGE STRIPES CHOCOLATE GIFT BAG,1.25,443,553.75,Bags & Accessories
21291,SMALL POLKADOT CHOCOLATE GIFT BAG,0.85,920,782.0,Bags & Accessories
21292,SMALL STRIPES CHOCOLATE GIFT BAG,0.8165384615384615,865,591.25,Bags & Accessories
21293,MIRRORED DOVE WALL DECORATION,2.2068421052631577,101,214.13,Home Decor
21294,ETCHED GLASS COASTER,0.519,1536,722.88,Kitchen & Dining
21306,SET/4 DAISY MIRROR MAGNETS,0.5413888888888888,486,166.27999999999997,Other
21307,SET/4 BUTTERFLY MIRROR MAGNETS,1.2646153846153847,79,39.199999999999996,Other
21310,CAPIZ CHANDELIER,29.95,1,29.95,Other
21311,SET/4 BIRD MIRROR MAGNETS,0.5313333333333333,452,158.23,Other
21313,GLASS HEART T-LIGHT HOLDER,0.8344186046511628,2828,2097.71,Lighting
21314,SMALL GLASS HEART TRINKET POT,2.093615160349854,3664,7399.960000000001,Kitchen & Dining
21316,SMALL CHUNKY GLASS ROMAN  BOWL,1.51,148,153.64000000000001,Kitchen & Dining
21317,GLASS SPHERE CANDLE STAND MEDIUM,5.412962962962963,95,510.75,Lighting
21318,GLASS CHALICE BLUE SMALL,0.8817073170731707,678,369.0,Kitchen & Dining
21319,GLASS CHALICE GREEN  SMALL,1.2133333333333332,147,129.51,Kitchen & Dining
21320,GLASS CHALICE GREEN  LARGE,1.595,186,309.66,Kitchen & Dining
21324,HANGING MEDINA LANTERN SMALL,2.95,69,203.55,Lighting
21326,AGED GLASS SILVER T-LIGHT HOLDER,0.6393992932862191,10040,6052.0,Lighting
21327,SKULLS WRITING SET,1.65,538,887.7,Other
21328,BALLOONS  WRITING SET,1.6847089947089946,755,1253.95,Other
21329,DINOSAURS  WRITING SET,1.688816568047337,586,975.1,Other
21331,MOROCCAN BEATEN METAL DISH LARGE,12.75,11,140.25,Other
21332,MOROCCAN BEATEN METAL MIRROR,10.55,14,143.3,Other
21333,CLASSIC WHITE FRAME,2.95,55,162.25,Other
21336,GOLD WASHBAG,2.9500000000000006,8,23.6,Bags & Accessories
21340,CLASSIC METAL BIRDCAGE PLANT HOLDER,12.18528735632184,925,10123.16,Other
21344,MOROCCAN BEATEN METAL DISH,9.95,14,139.29999999999998,Other
21348,PINK SPOTS CHOCOLATE NESTING BOXES,2.79,139,355.65000000000003,Storage
21349,IVY HEART WREATH,6.75,12,81.0,Home Decor
21351,CINAMMON & ORANGE WREATH,6.701515151515152,101,654.55,Other
21352,EUCALYPTUS & PINECONE  WREATH,4.366216216216216,311,1118.65,Other
21354,TOAST ITS - BEST MUM,1.223529411764706,751,885.95,Other
21355,TOAST ITS - I LOVE YOU,1.2445454545454546,772,955.4,Other
21356,TOAST ITS - FAIRY FLOWER,1.1868518518518518,303,361.9,Other
21357,TOAST ITS - DINOSAUR,1.25,19,23.75,Other
21358,TOAST ITS - HAPPY BIRTHDAY,1.25,327,408.75,Other
21359,RELAX LARGE WOOD LETTERS,7.988461538461538,126,743.7,Other
21360,JOY LARGE WOOD LETTERS,7.378571428571428,37,194.15,Other
21361,LOVE LARGE WOOD LETTERS,12.716666666666667,91,1127.85,Other
21363,HOME SMALL WOOD LETTERS,4.95,207,1024.65,Other
21364,PEACE SMALL WOOD LETTERS,6.75,25,168.75,Other
21365,MIRRORED WALL ART STARS,1.0999999999999999,348,360.0,Other
21366,MIRRORED WALL ART PHOTO FRAMES,4.25,24,102.0,Other
21367,MIRRORED WALL ART GENTS,1.56,163,159.51,Other
21368,MIRRORED WALL ART LADIES,0.8733333333333333,160,128.4,Other
21369,MIRRORED WALL ART SPLODGES,1.6346153846153846,98,142.5,Other
21370,MIRRORED WALL ART FOXY,4.94,15,88.2,Other
21371,MIRRORED WALL ART POPPIES,1.0875,275,274.65,Other
21372,MIRRORED WALL ART TABLE LAMP,1.3292000000000002,67,75.73,Lighting
21373,MIRRORED WALL ART SNOWFLAKES,0.75,507,380.25,Other
21374,MIRRORED WALL ART SKULLS,1.6875,294,400.0,Other
21375,LARGE CAMPHOR WOOD FIELD MUSHROOM,4.6863636363636365,22,107.30000000000001,Other
21376,LARGE  TALL CAMPHOR WOOD TOADSTOOL,5.126923076923077,29,149.65,Other
21377,SMALL CAMPHOR WOOD FIELD  MUSHROOM,1.4510526315789474,93,123.21,Other
21378,SMALL TALL CAMPHOR WOOD TOADSTOOL,1.478181818181818,129,175.05,Other
21379,CAMPHOR WOOD PORTOBELLO MUSHROOM,1.1378260869565218,141,155.61,Other
21380,WOODEN HAPPY BIRTHDAY GARLAND,2.9746551724137933,2090,5901.3,Other
21381,MINI WOODEN HAPPY BIRTHDAY GARLAND,1.6882857142857142,1695,2726.31,Other
21382,SET/4 SPRING FLOWER DECORATION,1.6627659574468086,1040,1151.8,Home Decor
21383,PACK OF 12 STICKY BUNNIES,0.65,765,497.25,Other
21385,IVORY HANGING DECORATION  HEART,0.8597196261682243,3558,2952.54,Home Decor
21386,IVORY HANGING DECORATION  EGG,0.45399999999999996,689,253.01,Home Decor
21389,IVORY HANGING DECORATION  BIRD,0.85,1015,862.75,Home Decor
21390,FILIGRIS HEART WITH BUTTERFLY,1.2637569060773481,3778,4540.38,Home Decor
21391,FRENCH LAVENDER SCENT HEART,0.9954545454545455,965,846.6,Home Decor
21392,RED POLKADOT PUDDING BOWL,1.3671428571428572,32,38.129999999999995,Kitchen & Dining
21393,BLUE POLKADOT PUDDING BOWL,1.45875,29,38.67,Kitchen & Dining
21394,RED POLKADOT BEAKER,0.4419298245614035,3822,1538.62,Other
21395,BLUE POLKADOT BEAKER,0.39,2806,1094.34,Other
21397,BLUE POLKADOT EGG CUP,0.5268181818181819,1016,445.26,Kitchen & Dining
21398,RED POLKADOT COFFEE  MUG,0.6691836734693878,1499,642.75,Kitchen & Dining
21399,BLUE POLKADOT COFFEE MUG,0.5554838709677419,2035,826.14,Kitchen & Dining
21400,RED PUDDING SPOON,0.1575,837,109.74,Other
21401,BLUE PUDDING SPOON,0.15050847457627117,1010,132.29999999999998,Other
21402,RED  EGG  SPOON,0.12491803278688525,1290,155.4,Other
21403,BLUE EGG  SPOON,0.13183098591549294,1718,258.71999999999997,Other
21407,BROWN CHECK CAT DOORSTOP,4.220744680851064,233,965.0,Other
21408,SPOTTY PINK DUCK DOORSTOP,4.074,221,752.51,Other
21411,GINGHAM HEART  DOORSTOP RED,3.897914438502674,714,2371.2599999999998,Home Decor
21413,PERIWINKLE T-LIGHT HOLDER,1.25,36,45.0,Lighting
21414,SCALLOP SHELL SOAP DISH,2.1,1,2.1,Other
21415,CLAM SHELL SMALL,1.969,202,375.73,Other
21416,CLAM SHELL LARGE,3.75,5,18.75,Other
21417,COCKLE SHELL DISH,1.7725,289,420.88,Other
21418,STARFISH SOAP DISH,2.0084615384615385,59,115.25,Other
21420,OYSTER TRINKET BOX,2.8985714285714286,47,83.87,Storage
21421,PORCELAIN ROSE LARGE,1.2353846153846153,298,345.14,Other
21422,PORCELAIN ROSE SMALL,0.9093478260869565,1560,1218.36,Other
21424,WOODLAND STORAGE BOX LARGE,2.8772727272727274,227,612.0500000000001,Storage
21425,SKULLS STORAGE BOX LARGE,2.9250000000000003,67,188.05,Storage
21426,WOODLAND STORAGE BOX SMALL,2.0444444444444447,213,411.30000000000007,Storage
21427,SKULLS STORAGE BOX SMALL,2.1,77,161.70000000000002,Storage
21428,SET3 BOOK BOX GREEN GINGHAM FLOWER,4.180824175824176,1098,4259.3,Storage
21429,RED GINGHAM ROSE JEWELLERY BOX,1.88018018018018,1612,2917.2,Storage
21430,SET/3 RED GINGHAM ROSE STORAGE BOX,3.694423676012461,2698,9401.82,Storage
21439,BASKET OF TOADSTOOLS,1.2475641025641027,1322,1574.98,Storage
21441,BLUE BIRDHOUSE DECORATION,0.7626315789473684,376,223.29999999999998,Home Decor
21442,GREEN BIRDHOUSE DECORATION,0.7144444444444444,386,229.45999999999998,Home Decor
21445,12 PINK ROSE PEG PLACE SETTINGS,1.25,214,267.5,Other
21446,12 RED ROSE PEG PLACE SETTINGS,1.25,392,490.0,Other
21447,12 IVORY ROSE PEG PLACE SETTINGS,1.25,749,936.25,Other
21448,12 DAISY PEGS IN WOOD BOX,1.65,322,531.3,Storage
21452,TOADSTOOL MONEY BOX,2.9440740740740745,745,2140.15,Storage
21454,PAINTED PINK RABBIT,0.85,317,269.45,Other
21455,PAINTED YELLOW WOODEN DAISY,0.85,271,230.35,Other
21456,2 PICTURE BOOK EGGS EASTER CHICKS,1.25,161,201.25,Home Decor
21457,2 PICTURE BOOK EGGS EASTER DUCKS,1.25,115,143.75,Home Decor
21458,2 PICTURE BOOK EGGS EASTER BUNNY,1.25,158,197.5,Home Decor
21459,YELLOW EASTER EGG HUNT START POST,1.9500000000000002,75,146.25,Home Decor
21460,GREEN EASTER EGG HUNT START POST,1.9500000000000002,26,50.699999999999996,Home Decor
21461,BLUE EASTER EGG HUNT START POST,1.95,8,15.6,Home Decor
21462,"NURSERY A,B,C PAINTED LETTERS",5.890298507462687,192,859.2,Other
21463,MIRRORED DISCO BALL,5.791472868217054,642,3393.4,Other
21464,DISCO BALL ROTATOR BATTERY OPERATED,4.245098039215686,244,1034.0,Other
21465,PINK FLOWER CROCHET FOOD COVER,3.808888888888889,193,727.46,Other
21466,RED FLOWER CROCHET FOOD COVER,3.8954945054945056,267,982.49,Other
21467,CHERRY CROCHET FOOD COVER,3.8451282051282054,215,813.67,Other
21468,BUTTERFLY CROCHET FOOD COVER,3.8983999999999996,123,468.67,Other
21469,POLKA DOT RAFFIA FOOD COVER,3.8022535211267603,250,941.21,Other
21470,FLOWER VINE RAFFIA FOOD COVER,3.8476315789473685,336,1271.13,Other
21471,STRAWBERRY RAFFIA FOOD COVER,3.723913043478261,493,1695.15,Other
21472,LADYBIRD + BEE RAFFIA FOOD COVER,3.75,119,446.25,Other
21473,SWEETHEART CREAM STEEL TABLE RECT,19.95,22,438.9,Home Decor
21476,STEEL SWEETHEART ROUND TABLE CREAM,14.949999999999998,31,463.45,Home Decor
21479,WHITE SKULL HOT WATER BOTTLE,4.0185051546391755,2699,10215.47,Other
21481,FAWN BLUE HOT WATER BOTTLE,3.3612041884816755,2919,9196.050000000001,Other
21484,CHICK GREY HOT WATER BOTTLE,3.9038888888888885,1545,5770.27,Other
21485,RETROSPOT HEART HOT WATER BOTTLE,4.958964879852126,3326,15827.18,Home Decor
21486,PINK HEART DOTS HOT WATER BOTTLE,3.75,8,30.0,Home Decor
21488,RED WHITE SCARF  HOT WATER BOTTLE,3.95,3,11.850000000000001,Fashion
21494,ROTATING LEAVES T-LIGHT HOLDER,1.3704651162790698,1222,1617.23,Lighting
21495,SKULLS AND CROSSBONES WRAP,0.41769696969696973,5800,2356.0,Other
21497,FANCY FONTS BIRTHDAY WRAP,0.4182608695652174,8550,3409.0,Other
21498,RED RETROSPOT WRAP,0.41802985074626864,10522,4310.24,Other
21499,BLUE POLKADOT WRAP,0.41693023255813955,6900,2798.0,Other
21500,PINK POLKADOT WRAP,0.4169014084507042,6350,2593.0,Other
21503,TOYBOX  WRAP,0.4165217391304348,726,288.92,Toys & Games
21504,SKULLS GREETING CARD,0.41687499999999994,1860,753.12,Other
21506,"FANCY FONT BIRTHDAY CARD,",0.41856,4704,1895.76,Other
21507,"ELEPHANT, BIRTHDAY CARD,",0.43207070707070705,3194,1308.96,Other
21508,VINTAGE KID DOLLY CARD,0.42758620689655175,2381,966.07,Toys & Games
21509,COWBOYS AND INDIANS BIRTHDAY CARD,0.4317241379310345,3581,1444.75,Other
21518,BANK ACCOUNT  GREETING  CARD,0.41647058823529415,265,106.98,Other
21519,GIN & TONIC DIET GREETING CARD,0.4178010471204188,3217,1320.9,Other
21520,BOOZE & WOMEN GREETING CARD,0.41818181818181815,457,187.62,Other
21523,DOORMAT FANCY FONT HOME SWEET HOME,7.865163727959699,3087,19149.07,Other
21524,DOORMAT SPOTTY HOME SWEET HOME,7.963530864197531,1657,12055.32,Other
21527,RED RETROSPOT TRADITIONAL TEAPOT,7.860447761194029,464,3508.8,Other
21528,DAIRY MAID TRADITIONAL TEAPOT,6.926744186046512,176,1209.2,Other
21530,DAIRY MAID TOASTRACK,1.072857142857143,756,690.12,Other
21531,RED RETROSPOT SUGAR JAM BOWL,2.506730769230769,1469,3448.9500000000003,Kitchen & Dining
21533,RETROSPOT LARGE MILK JUG,4.882475884244373,1307,6217.650000000001,Other
21534,DAIRY MAID LARGE MILK JUG,4.9332,321,1563.75,Other
21535,RED RETROSPOT SMALL MILK JUG,2.5341853035143767,2450,5804.7,Other
21537,RED RETROSPOT PUDDING BOWL,4.232456140350878,326,1337.5,Kitchen & Dining
21538,DAIRY MAID  PUDDING BOWL,3.75,5,18.75,Kitchen & Dining
21539,RED RETROSPOT BUTTER DISH,4.903990610328639,936,4414.8,Other
21544,SKULLS  WATER TRANSFER TATTOOS,0.8447368421052631,1869,1519.85,Other
21547,CERAMIC BIRDHOUSE CRESTED TIT SMALL,2.95,72,212.40000000000003,Other
21555,CERAMIC STRAWBERRY TRINKET TRAY,2.55,55,140.25,Other
21556,CERAMIC STRAWBERRY MONEY BOX,2.524468085106383,804,1859.4,Storage
21557,SET OF 6 FUNKY BEAKERS,3.2153846153846155,300,854.0400000000001,Other
21558,SKULL LUNCH BOX WITH CUTLERY,2.5299256505576206,1940,4609.5,Storage
21559,STRAWBERRY LUNCH BOX WITH CUTLERY,2.5574133949191684,3711,8721.89,Storage
21561,DINOSAUR LUNCH BOX WITH CUTLERY,2.563571428571428,1227,2868.78,Storage
21562,HAWAIIAN GRASS SKIRT,1.2272,319,368.35,Other
21563,RED HEART SHAPE LOVE BUCKET,2.7335820895522387,1358,2591.02,Home Decor
21564,PINK  HEART SHAPE LOVE BUCKET,2.743009708737864,1016,1686.5200000000002,Home Decor
21576,LETS GO SHOPPING COTTON TOTE BAG,2.367826086956522,177,403.67,Bags & Accessories
21577,SAVE THE PLANET COTTON TOTE BAG,2.25,549,1235.25,Bags & Accessories
21578,WOODLAND DESIGN  COTTON TOTE BAG,2.25,583,1311.75,Bags & Accessories
21579,LOLITA  DESIGN  COTTON TOTE BAG,2.25,152,342.0,Bags & Accessories
21580,RABBIT  DESIGN  COTTON TOTE BAG,2.25,90,202.5,Bags & Accessories
21581,SKULLS  DESIGN  COTTON TOTE BAG,2.25,165,371.25,Bags & Accessories
21584,RETROSPOT SMALL TUBE MATCHES,1.6487012987012986,1059,1743.35,Other
21586,KINGS CHOICE GIANT TUBE MATCHES,2.502272727272727,731,1691.25,Other
21587,COSY HOUR GIANT TUBE MATCHES,2.5344827586206895,195,475.65,Other
21588,RETROSPOT GIANT TUBE MATCHES,2.5266666666666664,1494,3442.5,Other
21591,COSY HOUR CIGAR BOX MATCHES,1.2487333333333333,1183,1451.3899999999999,Storage
21592,RETROSPOT CIGAR BOX MATCHES,1.1293548387096775,2138,2135.32,Storage
21609,SET 12 LAVENDER  BOTANICAL T-LIGHTS,2.922972972972973,760,2069.2000000000003,Lighting
21613,S/12 VANILLA  BOTANICAL T-LIGHTS,2.9394736842105265,221,632.7500000000001,Lighting
21614,SET OF 12 ROSE BOTANICAL T-LIGHTS,2.95,48,141.60000000000002,Lighting
21615,4 LAVENDER BOTANICAL DINNER CANDLES,1.6868932038834952,839,1193.75,Lighting
21616,4 PEAR BOTANICAL DINNER CANDLES,1.6898148148148149,755,1093.75,Lighting
21617,4 LILY  BOTANICAL DINNER CANDLES,2.2884615384615383,470,848.0,Lighting
21618,4 WILDFLOWER BOTANICAL CANDLES,1.9956140350877194,301,471.25,Lighting
21619,4 VANILLA BOTANICAL CANDLES,1.6188524590163935,896,1247.5,Lighting
21620,SET OF 4 ROSE BOTANICAL CANDLES,1.746031746031746,795,1188.75,Lighting
21621,VINTAGE UNION JACK BUNTING,8.505375,2538,20945.16,Other
21622,VINTAGE UNION JACK CUSHION COVER,4.942391304347826,358,1755.3,Other
21623,VINTAGE UNION JACK MEMOBOARD,9.764536585365853,3252,22679.28,Other
21624,VINTAGE UNION JACK DOORSTOP,5.9261904761904765,203,1184.8500000000001,Other
21625,VINTAGE UNION JACK APRON,6.995438596491228,303,2112.39,Other
21626,VINTAGE UNION JACK PENNANT,1.95,741,1444.95,Other
21627,ELEPHANT CARNIVAL POUFFE,14.949999999999998,38,568.1,Other
21628,TRIANGULAR POUFFE VINTAGE,14.674999999999999,43,605.4499999999999,Other
21629,SQUARE FLOOR CUSHION VINTAGE RED,7.87,51,395.45000000000005,Other
21630,FLOOR CUSHION ELEPHANT CARNIVAL,8.813636363636363,54,461.3,Other
21631,HIPPY CHIC DECORATIVE PARASOL,7.25,155,761.85,Home Decor
21632,VINTAGE PINK DECORATIVE PARASOL,3.95,60,237.00000000000003,Home Decor
21633,SUNFLOWER DECORATIVE PARASOL,10.235714285714286,87,528.45,Home Decor
21634,ASSORTED MINI MADRAS NOTEBOOK,0.5769565217391304,948,462.59999999999997,Other
21635,MADRAS NOTEBOOK LARGE,1.9166666666666667,270,367.5,Other
21636,MADRAS NOTEBOOK MEDIUM,0.7993150684931507,911,699.45,Other
21637,ASSORTED SANSKRIT MINI NOTEBOOK,1.25,109,136.25,Other
21638,ASSORTED TUTTI FRUTTI NOTEBOOK,2.1,233,489.3,Other
21640,ASSORTED TUTTI FRUTTI  FOB NOTEBOOK,0.8475,529,437.16999999999996,Other
21641,ASSORTED TUTTI FRUTTI KEYRING BALL,0.4791304347826087,1102,367.97999999999996,Other
21642,ASSORTED TUTTI FRUTTI PEN,0.3752173913043478,2451,800.9499999999999,Other
21643,ASSORTED TUTTI FRUTTI MIRROR,1.2377419354838708,490,594.26,Other
21644,ASSORTED TUTTI FRUTTI HEART BOX,1.25,215,268.75,Home Decor
21647,ASSORTED TUTTI FRUTTI LARGE PURSE,2.1,106,222.60000000000002,Bags & Accessories
21648,ASSORTED TUTTI FRUTTI SMALL PURSE,1.2377419354838708,646,780.14,Bags & Accessories
21650,ASSORTED TUTTI FRUTTI BRACELET,0.24411764705882355,2197,440.89,Other
21651,HANGING GLASS ETCHED TEALIGHT,1.6099999999999999,125,191.85,Lighting
21654,RIDGED GLASS FINGER BOWL,0.655,934,427.85999999999996,Kitchen & Dining
21655,HANGING RIDGE GLASS T-LIGHT HOLDER,1.69,36,60.84,Lighting
21656,RIDGED GLASS POSY VASE,1.45,117,169.64999999999998,Kitchen & Dining
21657,MILK BOTTLE WITH GLASS STOPPER,6.95,28,194.60000000000002,Kitchen & Dining
21658,GLASS  BEURRE DISH,3.89992125984252,770,2862.2200000000003,Kitchen & Dining
21661,VINTAGE GLASS TEA CADDY,5.95,3,17.85,Kitchen & Dining
21662,VINTAGE GLASS COFFEE CADDY,5.91875,74,416.3,Kitchen & Dining
21664,RIDGED GLASS STORAGE JAR CREAM LID,3.73,96,342.72,Kitchen & Dining
21666,RIDGED GLASS T-LIGHT HOLDER,0.65,384,249.60000000000002,Lighting
21667,GLASS CAKE COVER AND PLATE,14.95,2,29.9,Kitchen & Dining
21668,RED STRIPE CERAMIC DRAWER KNOB,1.305029761904762,5001,6177.53,Other
21669,BLUE STRIPE CERAMIC DRAWER KNOB,1.3255710306406685,4936,6239.4,Other
21670,BLUE SPOT CERAMIC DRAWER KNOB,1.2992758620689655,3962,4971.22,Other
21671,RED SPOT CERAMIC DRAWER KNOB,1.2883214285714286,4061,5018.65,Other
21672,WHITE SPOT RED CERAMIC DRAWER KNOB,1.2922508038585208,4534,5578.14,Other
21673,WHITE SPOT BLUE CERAMIC DRAWER KNOB,1.2998924731182797,3971,4929.95,Other
21675,BUTTERFLIES STICKERS,0.9392156862745098,519,442.71,Other
21676,FLOWERS  STICKERS,1.09375,211,191.04999999999998,Other
21677,HEARTS  STICKERS,0.916625,766,655.0,Home Decor
21678,PAISLEY PATTERN  STICKERS,0.85,104,88.39999999999999,Other
21679,SKULLS  STICKERS,0.8485057471264367,1054,891.2199999999999,Other
21680,WOODLAND  STICKERS,0.85,804,683.4,Other
21681,GIANT MEDINA STAMPED METAL BOWL,9.95,2,19.9,Kitchen & Dining
21682,LARGE MEDINA STAMPED METAL BOWL,5.0502,177,881.1600000000001,Kitchen & Dining
21683,MEDIUM MEDINA STAMPED METAL BOWL,2.9500000000000006,297,876.1500000000001,Kitchen & Dining
21684,SMALL MEDINA STAMPED METAL BOWL,0.8888888888888888,752,565.21,Kitchen & Dining
21686,MEDINA STAMPED METAL STOOL,39.672222222222224,33,1268.3500000000001,Other
21688,SILVER PLATE CANDLE BOWL SMALL,2.95,316,932.2000000000002,Lighting
21689,SILVER VANILLA  FLOWER CANDLE POT,3.75,92,345.0,Lighting
21690,SILVER  CANDLEPOT JARDIN,3.75,22,82.5,Lighting
21692,SILVER LATTICE VANILLA CANDLE POT,3.75,17,63.75,Lighting
21693,SMALL HAMMERED SILVER CANDLEPOT,2.95,346,1020.7000000000002,Lighting
21694,SMALL REGAL  SILVER CANDLEPOT,2.91,303,817.0500000000001,Lighting
21695,SMALL SILVER FLOWER CANDLE POT,2.95,277,817.1500000000001,Lighting
21696,SMALL SILVER TRELLIS CANDLEPOT,2.95,220,649.0000000000001,Lighting
21698,MOCK LOBSTER FRIDGE MAGNET,0.49454545454545457,266,116.61999999999999,Other
21700,BIG DOUGHNUT FRIDGE MAGNETS,0.85,1266,1076.1,Other
21703,BAG 125g SWIRLY MARBLES,0.4274898785425101,9272,3431.35,Bags & Accessories
21704,BAG 250g SWIRLY MARBLES,0.8637878787878788,5004,3856.38,Bags & Accessories
21705,BAG 500g SWIRLY MARBLES,1.5144642857142858,1377,1299.21,Bags & Accessories
21706,FOLDING UMBRELLA RED/WHITE POLKADOT,5.076764705882353,228,1129.63,Other
21707,FOLDING UMBRELLA BLACKBLUE POLKADOT,5.148297872340425,120,601.22,Other
21708,FOLDING UMBRELLA CREAM POLKADOT,4.90625,138,677.5,Other
21709,FOLDING UMBRELLA CHOCOLATE POLKADOT,5.089032258064516,87,430.06,Other
21710,FOLDING UMBRELLA PINKWHITE POLKADOT,5.066451612903226,84,412.41,Other
21711,FOLDING UMBRELLA WHITE/RED POLKADOT,4.889130434782609,86,420.1,Other
21713,CITRONELLA CANDLE FLOWERPOT,2.098031496062992,692,1429.2,Lighting
21714,CITRONELLA CANDLE GARDEN POT,1.25,1079,1348.75,Lighting
21715,GIRLS VINTAGE TIN SEASIDE BUCKET,2.5176258992805756,1141,2736.75,Other
21716,BOYS VINTAGE TIN SEASIDE BUCKET,2.5523357664233575,1190,2880.92,Other
21717,EASTER TIN BUCKET,2.5026315789473683,405,931.95,Home Decor
21718,RED METAL BEACH SPADE,1.2668055555555555,1288,1612.42,Other
21719,LOVELY BONBON STICKER SHEET,0.85,301,255.85,Other
21720,CAKE SHOP  STICKER SHEET,0.85,57,48.449999999999996,Other
21721,CANDY SHOP  STICKER SHEET,0.85,175,148.75,Other
21722,SWEET PUDDING STICKER SHEET,0.85,65,55.24999999999999,Other
21723,ALPHABET HEARTS STICKER SHEET,0.85,367,311.95,Home Decor
21724,PANDA AND BUNNIES STICKER SHEET,0.85,372,316.2,Other
21725,SWEETIES  STICKERS,0.85,274,232.89999999999998,Other
21726,MULTI HEARTS  STICKERS,0.85,231,196.35,Home Decor
21730,GLASS STAR FROSTED T-LIGHT HOLDER,4.929243697478992,497,2319.19,Lighting
21731,RED TOADSTOOL LED NIGHT LIGHT,1.6596212121212122,12863,19831.71,Lighting
21733,RED HANGING HEART T-LIGHT HOLDER,2.9483744557329463,7749,22595.190000000002,Lighting
21735,TWO DOOR CURIO CABINET,12.535975609756099,210,2551.95,Other
21736,GOLD SCROLL GLASS T-LIGHT HOLDER,1.8150000000000002,80,137.22,Lighting
21738,COSY SLIPPER SHOES SMALL  RED,2.95,43,126.85000000000001,Other
21739,COSY SLIPPER SHOES SMALL GREEN,2.878541666666667,141,411.54,Other
21741,COSY SLIPPER SHOES LARGE GREEN,2.95,131,386.45000000000005,Other
21742,LARGE ROUND WICKER PLATTER,5.95,192,1142.4,Other
21743,STAR PORTABLE TABLE LIGHT,2.924193548387097,274,750.7,Lighting
21744,SNOWFLAKE PORTABLE TABLE LIGHT,3.1924390243902443,365,1122.19,Lighting
21745,GAOLERS KEYS DECORATIVE GARDEN,3.7783495145631067,926,3400.94,Home Decor
21746,SMALL RED RETROSPOT WINDMILL,1.2572192513368983,2974,3521.7,Other
21747,SMALL SKULL WINDMILL,1.2407142857142857,437,527.53,Other
21749,LARGE RED RETROSPOT WINDMILL,2.074299065420561,1900,3645.0000000000005,Other
21750,LARGE SKULL WINDMILL,2.1,77,161.70000000000002,Other
21754,HOME BUILDING BLOCK WORD,6.018143884892086,2633,15504.51,Other
21755,LOVE BUILDING BLOCK WORD,6.018232142857143,1923,11398.710000000001,Other
21756,BATH BUILDING BLOCK WORD,6.03880658436214,778,4644.53,Other
21757,LIGHTHOUSE PRINTED METAL SIGN,4.95,6,29.700000000000003,Lighting
21758,VINTAGE SHELLS PRINT,6.414285714285714,32,202.4,Other
21761,WOOD AND GLASS MEDICINE CABINET,29.95,10,299.5,Kitchen & Dining
21763,VINTAGE WOODEN BAR STOOL,27.4625,6,169.75,Other
21769,VINTAGE POST OFFICE CABINET,66.36,11,607.6500000000001,Other
21770,OPEN CLOSED METAL SIGN,4.944181286549708,1574,7296.51,Other
21773,DECORATIVE ROSE BATHROOM BOTTLE,1.0779661016949154,920,693.52,Home Decor
21774,DECORATIVE CATS BATHROOM BOTTLE,1.150576923076923,835,647.03,Home Decor
21775,DECORATIVE FLORE BATHROOM BOTTLE,1.2297560975609756,283,313.91,Home Decor
21777,RECIPE BOX WITH METAL HEART,7.95,7,55.65,Home Decor
21781,MA CAMPAGNE CUTLERY BOX,14.868518518518517,137,1997.55,Storage
21784,SHOE SHINE BOX,9.95,51,507.44999999999993,Storage
21785,RAIN PONCHO,0.8,410,267.1,Other
21786,POLKADOT RAIN HAT,0.4564516129032258,1586,629.89,Fashion
21787,RAIN PONCHO RETROSPOT,0.8634054054054053,8752,6962.08,Other
21788,KIDS RAIN MAC BLUE,0.852686567164179,1199,933.53,Other
21789,KIDS RAIN MAC PINK,0.8585294117647058,796,672.5799999999999,Other
21790,VINTAGE SNAP CARDS,0.8515458276333789,13329,10441.47,Other
21791,VINTAGE HEADS AND TAILS CARD GAME,1.271002044989775,7118,8500.16,Toys & Games
21792,CLASSIC FRENCH STYLE BASKET GREEN,4.59,331,1388.65,Storage
21793,CLASSIC FRENCH STYLE BASKET BROWN,4.293582089552239,296,1240.44,Storage
21794,CLASSIC FRENCH STYLE BASKET NATURAL,4.395913978494623,501,2064.4700000000003,Storage
21801,CHRISTMAS TREE DECORATION WITH BELL,0.42,457,191.94,Home Decor
21802,CHRISTMAS TREE HEART DECORATION,0.42,997,418.74,Home Decor
21803,CHRISTMAS TREE STAR DECORATION,0.42,1101,462.41999999999996,Home Decor
21804,WHITE CHRISTMAS GARLAND STARS TREES,3.7236585365853654,178,656.7,Home Decor
21807,WHITE CHRISTMAS STAR DECORATION,0.42,414,173.88,Home Decor
21808,"CHRISTMAS GARLAND STARS,TREES",3.630952380952381,99,366.25,Home Decor
21809,CHRISTMAS HANGING TREE WITH BELL,0.7421348314606742,1857,993.66,Home Decor
21810,CHRISTMAS HANGING STAR WITH BELL,0.5715760869565217,5200,2402.12,Home Decor
21811,CHRISTMAS HANGING HEART WITH BELL,0.6293865030674847,4328,2176.58,Home Decor
21812,GARLAND WITH HEARTS AND BELLS,4.9,217,1032.15,Home Decor
21813,GARLAND WITH STARS AND BELLS,4.898780487804878,250,1187.1000000000001,Other
21814,HEART T-LIGHT HOLDER,1.4499999999999997,71,102.94999999999999,Lighting
21815,STAR  T-LIGHT HOLDER,1.45,131,189.95,Lighting
21816,CHRISTMAS TREE T-LIGHT HOLDER,1.45,33,47.849999999999994,Lighting
21817,GLITTER CHRISTMAS TREE,0.5029824561403509,902,405.14,Home Decor
21818,GLITTER CHRISTMAS HEART,0.5132098765432099,2696,1279.04,Home Decor
21819,GLITTER CHRISTMAS STAR,0.49283464566929136,2462,1053.46,Home Decor
21820,GLITTER HEART GARLAND WITH BELLS,3.793833333333333,288,1068.59,Home Decor
21821,GLITTER STAR GARLAND WITH BELLS,3.732439024390244,223,825.45,Other
21822,GLITTER CHRISTMAS TREE WITH BELLS,1.028709677419355,573,527.65,Home Decor
21823,PAINTED METAL HEART WITH HOLLY BELL,0.7526315789473684,1195,687.5899999999999,Home Decor
21824,PAINTED METAL STAR WITH HOLLY BELLS,0.5992105263157894,1449,697.61,Other
21826,EIGHT PIECE DINOSAUR SET,1.25,92,115.0,Other
21827,EIGHT PIECE CREEPY CRAWLIE SET,1.25,6,7.5,Other
21828,EIGHT PIECE SNAKE  SET,1.25,311,388.75,Other
21829,DINOSAUR KEYRINGS ASSORTED,0.21227272727272728,6354,1310.25,Other
21830,ASSORTED CREEPY CRAWLIES,0.4382222222222222,2551,1073.47,Other
21832,CHOCOLATE CALCULATOR,1.7348275862068965,779,1296.83,Other
21833,CAMOUFLAGE LED TORCH,1.6816666666666664,2628,4278.12,Other
21836,GINGHAM OVEN GLOVE RED HEART,3.75,3,11.25,Home Decor
21839,MUMMY MOUSE RED GINGHAM RIBBON,5.45,1,5.45,Other
21841,BABY MOUSE RED GINGHAM DRESS,4.25,72,306.0,Fashion
21843,RED RETROSPOT CAKE STAND,10.862559241706162,1808,17918.8,Other
21844,RED RETROSPOT MUG,2.9025925925925926,1813,4969.150000000001,Kitchen & Dining
21845,DAIRY MAID STRIPE MUG,1.101219512195122,1906,1720.3000000000002,Kitchen & Dining
21846,PINK DIAMANTE PEN IN GIFT BOX,5.616666666666667,72,365.62,Storage
21847,GREEN  DIAMANTE PEN IN GIFT BOX,4.95,9,44.55,Storage
21849,SILVER DIAMANTE PEN IN GIFT BOX,5.089166666666666,50,250.84,Storage
21850,BLUE  DIAMANTE PEN IN GIFT BOX,4.916666666666667,60,271.8,Storage
21851,LILAC DIAMANTE PEN IN GIFT BOX,5.617999999999999,26,138.72,Storage
21864,UNION JACK FLAG PASSPORT COVER,2.0748979591836734,609,1190.3400000000001,Other
21865,PINK UNION JACK  PASSPORT COVER,2.0881159420289856,220,457.08000000000004,Other
21866,UNION JACK FLAG LUGGAGE TAG,1.3029906542056073,534,666.71,Other
21867,PINK UNION JACK  LUGGAGE TAG,1.276547619047619,261,330.02,Other
21868,POTTING SHED TEA MUG,1.335579399141631,2344,2924.48,Kitchen & Dining
21870,I CAN ONLY PLEASE ONE PERSON MUG,1.2472661870503599,1349,1658.89,Kitchen & Dining
21871,SAVE THE PLANET MUG,1.3753284671532846,5264,6150.13,Kitchen & Dining
21872,GLAMOROUS  MUG,1.3589166666666666,1265,1365.73,Kitchen & Dining
21873,IF YOU CAN'T STAND THE HEAT MUG,1.2793181818181818,1583,1748.59,Kitchen & Dining
21874,GIN AND TONIC MUG,1.3487113402061854,2845,3715.6099999999997,Kitchen & Dining
21875,KINGS CHOICE MUG,1.3656249999999999,2000,2249.56,Kitchen & Dining
21876,POTTERING MUG,1.3846464646464645,3541,4049.61,Kitchen & Dining
21877,HOME SWEET HOME MUG,1.4184353741496598,5340,6698.56,Kitchen & Dining
21878,PACK OF 6 SANDCASTLE FLAGS ASSORTED,0.8525,2396,1972.8999999999999,Other
21879,HEARTS GIFT TAPE,0.4596551724137931,1025,301.93,Home Decor
21880,RED RETROSPOT TAPE,0.5488000000000001,1458,668.94,Other
21881,CUTE CATS TAPE,0.5708888888888889,975,315.55,Other
21882,SKULLS TAPE,0.5202564102564102,598,189.98000000000002,Other
21883,STARS GIFT TAPE,0.5566666666666668,1368,581.0600000000001,Other
21884,CAKES AND BOWS GIFT  TAPE,0.5036363636363637,1017,318.81,Other
21888,BINGO SET,3.83375,1551,5718.21,Other
21889,WOODEN BOX OF DOMINOES,1.2802603036876357,5766,7200.95,Storage
21890,S/6 WOODEN SKITTLES IN COTTON BAG,3.241818181818182,1070,3247.16,Bags & Accessories
21891,TRADITIONAL WOODEN SKIPPING ROPE,1.3939884393063584,7904,9998.32,Other
21892,TRADITIONAL WOODEN CATCH CUP GAME,1.2969767441860465,2910,3651.75,Kitchen & Dining
21894,POTTING SHED SEED ENVELOPES,1.3172222222222223,471,604.48,Other
21895,POTTING SHED SOW 'N' GROW SET,4.25,1,4.25,Other
21896,POTTING SHED TWINE,2.1061111111111113,946,2152.2000000000003,Other
21897,POTTING SHED CANDLE CITRONELLA,2.88,402,1250.82,Lighting
21898,POTTING SHED ROSE CANDLE,3.0157142857142856,445,1423.0300000000002,Lighting
21899,"KEY FOB , GARAGE DESIGN",0.6799547511312217,2600,1629.82,Other
21900,"KEY FOB , SHED",0.6859398496240602,3081,1959.13,Other
21901,"KEY FOB , BACK DOOR",0.6779668049792532,1742,1140.26,Other
21902,"KEY FOB , FRONT  DOOR",0.6784146341463415,1902,1168.28,Other
21903,MAN FLU METAL SIGN,2.2381045751633986,1127,2356.38,Other
21904,HOUSE WRECKING METAL SIGN,2.1,50,105.0,Other
21905,MORE BUTTER METAL SIGN,1.2827272727272727,684,705.3100000000001,Other
21906,PHARMACIE FIRST AID TIN,6.732736842105263,483,3220.81,Other
21907,I'M ON HOLIDAY METAL SIGN,2.1131515151515154,2292,4757.35,Other
21908,CHOCOLATE THIS WAY METAL SIGN,2.140395778364116,3633,7204.320000000001,Other
21910,WAY OUT METAL SIGN,1.65,36,59.400000000000006,Other
21911,GARDEN METAL SIGN,1.65,105,173.25,Other
21912,VINTAGE SNAKES & LADDERS,3.8400373134328363,1571,5508.53,Other
21913,VINTAGE SEASIDE JIGSAW PUZZLES,3.8293258426966292,305,1142.53,Other
21914,BLUE HARMONICA IN BOX,1.2808778625954198,7431,9218.88,Storage
21915,RED  HARMONICA IN BOX,1.2612056737588653,20945,23756.43,Storage
21916,SET 12 RETRO WHITE CHALK STICKS,0.43220472440944885,4362,1771.1200000000001,Other
21917,SET 12 KIDS  WHITE CHALK STICKS,0.4275268817204301,4090,1651.14,Other
21918,SET 12 KIDS COLOUR  CHALK STICKS,0.42715789473684207,7012,2814.28,Other
21922,UNION STRIPE WITH FRINGE  HAMMOCK,7.950238095238096,758,5674.14,Other
21925,UNION STRIPE CUSHION COVER,1.25,403,503.75,Other
21926,RED/CREAM STRIPE CUSHION COVER,1.2468333333333335,414,509.9,Other
21927,BLUE/CREAM STRIPE CUSHION COVER,1.2480808080808081,622,769.9,Other
21928,JUMBO BAG SCANDINAVIAN PAISLEY,2.034697247706422,9699,18053.48,Bags & Accessories
21929,JUMBO BAG PINK VINTAGE PAISLEY,2.0408760330578515,9888,18427.9,Bags & Accessories
21930,JUMBO STORAGE BAG SKULLS,2.027384937238494,5694,10865.83,Bags & Accessories
21931,JUMBO STORAGE BAG SUKI,2.0288589743589744,11513,21784.84,Bags & Accessories
21932,SCANDINAVIAN PAISLEY PICNIC BAG,1.854953560371517,2463,4357.06,Bags & Accessories
21933,PINK VINTAGE PAISLEY PICNIC BAG,1.8455172413793102,2406,4289.26,Bags & Accessories
21934,SKULL SHOULDER BAG,1.6458041958041958,1288,2081.2,Bags & Accessories
21935,SUKI  SHOULDER BAG,1.6440487804878048,1763,2824.37,Bags & Accessories
21936,RED RETROSPOT PICNIC BAG,2.949378238341969,3756,10365.76,Bags & Accessories
21937,STRAWBERRY   PICNIC BAG,2.9268115942028987,1590,4430.5,Bags & Accessories
21942,SKULLS DESIGN FLANNEL,0.83,161,134.54999999999998,Other
21943,CAKES AND RABBITS DESIGN FLANNEL,0.85,57,48.449999999999996,Other
21944,KITTENS DESIGN FLANNEL,0.7688235294117647,232,177.88,Other
21945,STRAWBERRIES  DESIGN FLANNEL,0.8346666666666667,225,190.79,Other
21946,PARTY TIME DESIGN FLANNEL,0.8081818181818182,72,58.9,Other
21947,SET OF 6 HEART CHOPSTICKS,1.3603488372093022,594,741.48,Home Decor
21948,SET OF 6 CAKE CHOPSTICKS,1.404,417,541.82,Other
21949,SET OF 6 STRAWBERRY CHOPSTICKS,1.305084745762712,613,725.49,Other
21955,DOORMAT UNION JACK GUNS AND ROSES,7.755064102564102,1157,6619.41,Other
21967,PACK OF 12 SKULL TISSUES,0.32386363636363635,5162,1504.9799999999998,Other
21972,SET OF 36 DINOSAUR PAPER DOILIES,1.45,292,423.4,Other
21973,SET OF 36 MUSHROOM PAPER DOILIES,1.45,159,230.54999999999998,Other
21974,SET OF 36 PAISLEY FLOWER DOILIES,1.494061135371179,2036,2942.5099999999998,Other
21975,PACK OF 60 DINOSAUR CAKE CASES,0.5587661141804788,12106,5919.28,Other
21976,PACK OF 60 MUSHROOM CAKE CASES,0.5523843416370107,4936,2496.08,Other
21977,PACK OF 60 PINK PAISLEY CAKE CASES,0.5514201183431954,24230,11611.0,Other
21980,PACK OF 12 RED RETROSPOT TISSUES,0.32844,6521,2002.7299999999998,Other
21981,PACK OF 12 WOODLAND TISSUES,0.3369270833333333,5281,1508.87,Other
21982,PACK OF 12 SUKI TISSUES,0.3419924812030075,6907,1995.05,Other
21983,PACK OF 12 BLUE PAISLEY TISSUES,0.352258064516129,2223,712.7299999999999,Other
21984,PACK OF 12 PINK PAISLEY TISSUES,0.3552830188679245,3294,999.5999999999999,Other
21985,PACK OF 12 HEARTS DESIGN TISSUES,0.334438202247191,8541,2542.1699999999996,Home Decor
21986,PACK OF 12 PINK POLKADOT TISSUES,0.33987261146496817,3985,1129.79,Other
21987,PACK OF 6 SKULL PAPER CUPS,0.6476315789473684,2050,1254.74,Kitchen & Dining
21988,PACK OF 6 SKULL PAPER PLATES,0.8401342281879194,2194,1663.3,Kitchen & Dining
21989,PACK OF 20 SKULL PAPER NAPKINS,0.8464903846153846,2065,1672.6899999999998,Other
21990,MODERN FLORAL STATIONERY SET,1.5006666666666666,1212,1734.6,Other
21991,BOHEMIAN COLLAGE STATIONERY SET,1.5112621359223302,471,675.53,Other
21992,VINTAGE PAISLEY STATIONERY SET,1.5270243902439025,1151,1640.29,Other
21993,FLORAL FOLK STATIONERY SET,1.5254589371980676,1360,1927.3500000000001,Other
22021,BLUE FELT EASTER EGG BASKET,1.65,350,577.5,Home Decor
22023,EMPIRE BIRTHDAY CARD,0.4296470588235294,1131,476.25,Other
22024,RAINY LADIES BIRTHDAY CARD,0.42852713178294577,2280,918.91,Other
22025,RING OF ROSES BIRTHDAY CARD,0.4152272727272727,1764,702.0,Other
22026,BANQUET BIRTHDAY  CARD,0.4182,1560,642.24,Other
22027,TEA PARTY BIRTHDAY CARD,0.42441064638783266,4141,1692.71,Other
22028,PENNY FARTHING BIRTHDAY CARD,0.4309677419354839,2903,1198.45,Other
22029,SPACEBOY BIRTHDAY CARD,0.4234683544303797,7834,3120.14,Other
22030,SWALLOWS GREETING CARD,0.41921810699588474,5337,2120.55,Other
22031,BOTANICAL LAVENDER BIRTHDAY CARD,0.47125,363,158.61,Other
22032,BOTANICAL LILY GREETING CARD,0.42,361,151.62,Other
22033,BOTANICAL ROSE GREETING CARD,0.42000000000000004,336,141.12,Other
22034,ROBIN CHRISTMAS CARD,0.42,3,1.26,Home Decor
22035,VINTAGE CARAVAN GREETING CARD,0.42666666666666664,1394,569.02,Other
22037,ROBOT BIRTHDAY CARD,0.42065891472868217,3747,1552.96,Other
22038,BOTANICAL LAVENDER GIFT WRAP,0.42,475,199.5,Other
22039,BOTANICAL LILY GIFT WRAP,0.42,250,105.0,Other
22040,BOTANICAL ROSE GIFT WRAP,0.42,725,304.5,Other
22041,"RECORD FRAME 7"" SINGLE SIZE",2.492964824120603,3812,8450.82,Other
22042,CHRISTMAS CARD SINGING ANGEL,0.42,360,151.2,Home Decor
22043,CHRISTMAS CARD SCREEN PRINT,0.23674418604651162,1188,283.32,Home Decor
22044,CHRISTMAS CARD STACK OF PRESENTS,0.2602777777777778,816,196.44,Home Decor
22045,SPACEBOY GIFT WRAP,0.4186407766990291,6477,2652.34,Other
22046,TEA PARTY  WRAPPING PAPER,0.4189333333333333,2250,929.0,Other
22047,EMPIRE GIFT WRAP,0.41790476190476183,3350,1363.0,Other
22048,BIRTHDAY BANQUET GIFT WRAP,0.4175,975,393.5,Other
22049,WRAP CHRISTMAS SCREEN PRINT,0.26419354838709674,1000,270.5,Home Decor
22050,PINK PAISLEY ROSE GIFT WRAP,0.418,1225,498.5,Other
22051,BLUE SCANDINAVIAN PAISLEY WRAP,0.42,975,409.5,Other
22052,VINTAGE CARAVAN GIFT WRAP,0.42,571,239.82,Other
22053,EMPIRE DESIGN ROSETTE,1.2261538461538461,4236,3596.42,Other
22055,MINI CAKE STAND  HANGING STRAWBERY,1.4532876712328766,1246,1661.78,Other
22057,CERAMIC PLATE STRAWBERRY DESIGN,1.2457142857142858,578,648.18,Kitchen & Dining
22059,CERAMIC STRAWBERRY DESIGN MUG,1.2993150684931507,1739,1960.47,Kitchen & Dining
22060,LARGE CAKE STAND HANGING HEARTS,5.28,231,1111.05,Home Decor
22061,LARGE CAKE STAND  HANGING STRAWBERY,8.989844961240308,564,3854.68,Other
22062,CERAMIC BOWL WITH LOVE HEART DESIGN,1.164736842105263,554,599.74,Kitchen & Dining
22063,CERAMIC BOWL WITH STRAWBERRY DESIGN,2.7042857142857146,537,1106.5500000000002,Kitchen & Dining
22064,PINK DOUGHNUT TRINKET POT,1.6364705882352941,1602,2132.7,Other
22065,CHRISTMAS PUDDING TRINKET POT,0.6191954022988505,6418,2883.44,Home Decor
22066,LOVE HEART TRINKET POT,0.6193333333333333,2232,1029.1399999999999,Home Decor
22067,CHOC TRUFFLE GOLD TRINKET POT,1.51734693877551,385,562.53,Other
22068,BLACK PIRATE TREASURE CHEST,1.4195121951219511,432,502.38,Other
22069,BROWN  PIRATE TREASURE CHEST,1.417894736842105,218,237.48,Other
22070,SMALL RED RETROSPOT MUG IN BOX,3.895882352941176,873,2030.68,Kitchen & Dining
22071,SMALL WHITE RETROSPOT MUG IN BOX,3.628243243243243,710,1295.04,Kitchen & Dining
22072,RED RETROSPOT TEA CUP AND SAUCER,3.4602097902097904,807,2519.19,Kitchen & Dining
22073,RED RETROSPOT STORAGE JAR,3.7040425531914893,298,1067.1,Storage
22074,6 RIBBONS SHIMMERING PINKS,1.2107894736842104,1000,772.94,Other
22075,6 RIBBONS ELEGANT CHRISTMAS,1.5267213114754097,1538,2004.92,Home Decor
22076,6 RIBBONS EMPIRE,1.4291150442477873,1034,1302.72,Other
22077,6 RIBBONS RUSTIC CHARM,1.7792577597840753,8594,14969.84,Other
22078,RIBBON REEL LACE DESIGN,2.0932432432432435,1288,2584.8,Other
22079,RIBBON REEL HEARTS DESIGN,1.6994736842105262,1701,2808.89,Home Decor
22080,RIBBON REEL POLKADOTS,1.6468749999999999,1167,1877.55,Other
22081,RIBBON REEL FLORA + FAUNA,1.741111111111111,585,978.37,Other
22082,RIBBON REEL STRIPES DESIGN,1.6825882352941175,2525,4154.33,Other
22083,PAPER CHAIN KIT RETROSPOT,2.9541348314606743,4265,11935.310000000001,Other
22084,PAPER CHAIN KIT EMPIRE,2.9068421052631583,4885,13411.550000000001,Other
22085,PAPER CHAIN KIT SKULLS,2.9283783783783788,507,1415.65,Other
22086,PAPER CHAIN KIT 50'S CHRISTMAS,2.9369990029910267,15591,42584.130000000005,Home Decor
22087,PAPER BUNTING WHITE LACE,2.8797709923664123,3772,10243.4,Other
22088,PAPER BUNTING COLOURED LACE,2.905555555555556,1698,4683.1,Other
22089,PAPER BUNTING VINTAGE PAISLEY,2.934615384615385,1189,3395.55,Other
22090,PAPER BUNTING RETROSPOT,2.9045359019264447,6877,18785.99,Other
22091,EMPIRE TISSUE BOX,0.5529230769230769,1937,919.67,Storage
22092,BLUE PAISLEY TISSUE BOX,0.5076136363636364,666,311.56,Storage
22093,MOTORING TISSUE BOX,0.5210967741935484,1823,804.81,Storage
22094,RED RETROSPOT TISSUE BOX,0.5692567567567568,2081,930.04,Storage
22095,LADS ONLY TISSUE BOX,0.6488990825688074,1571,1427.59,Storage
22096,PINK PAISLEY SQUARE TISSUE BOX,0.5224778761061947,1357,561.75,Storage
22097,SWALLOW SQUARE TISSUE BOX,0.5312857142857143,1577,685.55,Storage
22098,BOUDOIR SQUARE TISSUE BOX,0.6672483221476511,1955,910.08,Storage
22099,CARAVAN SQUARE TISSUE BOX,0.6066929133858268,1399,703.5699999999999,Storage
22100,SKULLS SQUARE TISSUE BOX,0.6389473684210527,727,304.17,Storage
22101,MIRROR MOSAIC VOTIVE HOLDER,1.9366666666666668,837,631.62,Other
22102,MIRROR MOSAIC T-LIGHT HOLDER,1.51,1533,715.05,Lighting
22103,MIRROR MOSAIC T-LIGHT HOLDER ROUND,1.4553333333333331,1153,694.2900000000001,Lighting
22104,MIRROR MOSAIC CANDLE PLATE,1.3641666666666667,151,120.07,Lighting
22105,MIRROR MOSAIC GOBLET CANDLE HOLDER,3.59,506,566.5,Lighting
22106,MIRROR MOSAIC HURRICANE LAMP,5.566666666666666,286,584.9,Lighting
22107,PIZZA PLATE IN BOX,3.5616666666666665,291,962.48,Kitchen & Dining
22108,PING! MICROWAVE PLATE,2.855,101,246.53,Kitchen & Dining
22109,FULL ENGLISH BREAKFAST PLATE,3.837515527950311,1381,4985.55,Kitchen & Dining
22110,BIRD HOUSE HOT WATER BOTTLE,2.5775308641975307,617,1562.06,Other
22111,SCOTTIE DOG HOT WATER BOTTLE,4.902571860816944,4248,20049.9,Other
22112,CHOCOLATE HOT WATER BOTTLE,4.87300283286119,5152,23584.64,Other
22113,GREY HEART HOT WATER BOTTLE,4.03241054613936,3145,12148.9,Home Decor
22114,HOT WATER BOTTLE TEA AND SYMPATHY,4.213062015503876,3729,15386.07,Other
22115,METAL SIGN EMPIRE TEA,1.5037297297297296,1495,1706.8100000000002,Other
22116,METAL SIGN HIS DINNER IS SERVED,1.2240000000000002,505,493.39000000000004,Other
22117,METAL SIGN HER DINNER IS SERVED,2.785416666666667,1290,3802.5,Other
22118,JOY WOODEN BLOCK LETTERS,4.2676923076923075,217,742.63,Other
22119,PEACE WOODEN BLOCK LETTERS,6.1648571428571435,342,1699.66,Other
22120,WELCOME  WOODEN BLOCK LETTERS,9.865329341317365,502,4826.67,Other
22121,NOEL WOODEN BLOCK LETTERS,6.063391304347827,332,1924.94,Other
22123,PING MICROWAVE APRON,2.1576712328767123,442,793.5999999999999,Other
22124,SET OF 2 TEA TOWELS PING MICROWAVE,2.2886956521739132,78,127.42,Other
22125,UNION JACK HOT WATER BOTTLE,5.95,4,23.8,Other
22127,PARTY CONES CARNIVAL ASSORTED,1.2409523809523808,402,479.7,Other
22128,PARTY CONES CANDY ASSORTED,1.2368055555555555,1729,2042.69,Other
22129,PARTY CONES CANDY TREE DECORATION,0.9697222222222222,986,785.4599999999999,Home Decor
22130,PARTY CONE CHRISTMAS DECORATION,0.8485714285714285,1505,1260.53,Home Decor
22131,FOOD CONTAINER SET 3 LOVE HEART,2.0398378378378377,1884,3358.72,Home Decor
22132,RED LOVE HEART SHAPE CUP,0.8562650602409638,935,772.91,Kitchen & Dining
22133,PINK LOVE HEART SHAPE CUP,0.8738333333333334,702,585.78,Kitchen & Dining
22134,LADLE LOVE HEART RED,0.4628571428571428,636,254.76,Home Decor
22135,LADLE LOVE HEART PINK,0.46270833333333333,261,114.54,Home Decor
22136,LOVE HEART SOCK HANGER,1.646153846153846,333,530.25,Home Decor
22137,BATHROOM SET LOVE HEART DESIGN,2.913636363636364,68,191.00000000000003,Home Decor
22138,BAKING SET 9 PIECE RETROSPOT,4.989149184149185,4786,22953.100000000002,Other
22139,RETROSPOT TEA SET CERAMIC 11 PC,4.998460606060607,4239,20426.23,Other
22141,CHRISTMAS CRAFT TREE TOP ANGEL,2.1466197183098594,2443,5015.08,Home Decor
22142,CHRISTMAS CRAFT WHITE FAIRY,1.4966666666666666,3070,4334.94,Home Decor
22144,CHRISTMAS CRAFT LITTLE FRIENDS,2.148,3459,7109.2,Home Decor
22145,CHRISTMAS CRAFT HEART STOCKING,2.1,30,63.0,Home Decor
22146,EASTER CRAFT IVY WREATH WITH CHICK,1.95,1,1.95,Home Decor
22147,FELTCRAFT BUTTERFLY HEARTS,1.464311111111111,6123,8308.75,Home Decor
22148,EASTER CRAFT 4 CHICKS,1.9370370370370371,1813,3355.35,Home Decor
22149,FELTCRAFT 6 FLOWER FRIENDS,2.103468950749465,5882,11549.59,Other
22150,3 STRIPEY MICE FELTCRAFT,1.9642857142857142,2914,5460.5,Other
22151,PLACE SETTING WHITE HEART,0.42983108108108103,14853,5912.19,Home Decor
22152,PLACE SETTING WHITE STAR,0.4318556701030928,2350,967.13,Other
22153,ANGEL DECORATION STARS ON DRESS,0.4186813186813187,2399,987.4200000000001,Home Decor
22154,ANGEL DECORATION 3 BUTTONS,0.4194782608695652,3528,1455.84,Home Decor
22155,STAR DECORATION RUSTIC,0.42,2201,924.42,Home Decor
22156,HEART DECORATION WITH PEARLS,0.86656050955414,1873,1586.46,Home Decor
22157,ANGEL DECORATION WITH LACE PADDED,0.85,212,180.2,Home Decor
22158,3 HEARTS HANGING DECORATION RUSTIC,2.9765648854961833,2845,8013.71,Home Decor
22161,HEART DECORATION RUSTIC HANGING,0.23141176470588237,4138,855.9200000000001,Home Decor
22162,HEART GARLAND RUSTIC PADDED,2.95,106,312.7,Home Decor
22163,HEART STRING MEMO HOLDER HANGING,1.3829411764705883,626,580.94,Home Decor
22164,STRING OF STARS CARD HOLDER,2.9500000000000006,71,209.45000000000005,Other
22165,"DIAMANTE HEART SHAPED WALL MIRROR,",10.328947368421053,267,1490.65,Home Decor
22166,WALL MIRROR RECTANGLE DIAMANTE PINK,7.6375,122,489.9000000000001,Other
22167,OVAL WALL MIRROR DIAMANTE,9.84655172413793,120,1050.0,Other
22168,ORGANISER WOOD ANTIQUE WHITE,8.488666666666667,139,1171.3,Other
22169,FAMILY ALBUM WHITE PICTURE FRAME,8.388251748251749,1074,8408.14,Other
22170,PICTURE FRAME WOOD TRIPLE PORTRAIT,6.747155555555555,1023,6378.150000000001,Other
22171,3 HOOK PHOTO SHELF ANTIQUE WHITE,8.364671052631579,1706,12160.08,Other
22173,METAL 4 HOOK HANGER FRENCH CHATEAU,3.067294117647059,2149,6267.39,Fashion
22174,PHOTO CUBE,1.728081395348837,2667,3997.91,Other
22175,PINK OWL SOFT TOY,2.9413669064748205,839,2379.05,Toys & Games
22176,BLUE OWL SOFT TOY,2.946,488,1420.4,Toys & Games
22178,VICTORIAN GLASS HANGING T-LIGHT,1.4308302808302806,22404,28735.36,Lighting
22179,SET 10 LIGHTS NIGHT OWL,6.733093922651934,795,5103.99,Lighting
22180,RETROSPOT LAMP,9.91679389312977,299,2922.85,Lighting
22181,SNOWSTORM PHOTO FRAME FRIDGE MAGNET,0.8471739130434782,577,477.96999999999997,Other
22182,CAKE STAND VICTORIAN FILIGREE SMALL,4.436111111111112,204,713.8000000000001,Other
22183,CAKE STAND VICTORIAN FILIGREE MED,6.435294117647059,74,466.95,Other
22184,CAKE STAND VICTORIAN FILIGREE LARGE,8.5,8,68.0,Other
22185,SLATE TILE NATURAL HANGING,1.5909375,1390,1974.2,Other
22186,RED STAR CARD HOLDER,2.3194117647058823,801,1723.79,Other
22187,GREEN CHRISTMAS TREE CARD HOLDER,2.560612244897959,1183,2562.27,Home Decor
22188,BLACK HEART CARD HOLDER,3.7978915662650605,4843,12257.95,Home Decor
22189,CREAM HEART CARD HOLDER,3.876057268722467,8188,22687.920000000002,Home Decor
22190,LOCAL CAFE MUG,1.8186538461538464,566,785.13,Kitchen & Dining
22191,IVORY DINER WALL CLOCK,8.461167512690356,1419,11527.7,Other
22192,BLUE DINER WALL CLOCK,8.483816568047338,907,7528.93,Other
22193,RED DINER WALL CLOCK,8.49733173076923,1349,11048.89,Other
22194,BLACK DINER WALL CLOCK,8.5,53,450.5,Other
22195,LARGE HEART MEASURING SPOONS,1.7356888888888888,1696,2836.92,Home Decor
22196,SMALL HEART MEASURING SPOONS,0.8705533596837944,2379,2008.6299999999999,Home Decor
22197,SMALL POPCORN HOLDER,0.8392075471698113,49160,37206.88,Other
22198,LARGE POPCORN HOLDER,1.6273584905660377,873,1370.45,Other
22199,FRYING PAN RED RETROSPOT,3.8010204081632653,383,1327.25,Other
22200,FRYING PAN PINK POLKADOT,3.886883116883117,326,1209.54,Other
22201,FRYING PAN BLUE POLKADOT,3.7875,108,366.0,Other
22202,MILK PAN PINK POLKADOT,3.75,39,146.25,Other
22203,MILK PAN RED RETROSPOT,3.556813186813187,310,996.13,Other
22204,MILK PAN BLUE POLKADOT,3.346774193548387,96,302.5,Other
22207,FRYING PAN UNION FLAG,4.4386725663716815,1199,4727.11,Other
22208,WOOD STAMP SET THANK YOU,0.9914146341463413,1283,1229.1200000000001,Other
22209,WOOD STAMP SET HAPPY BIRTHDAY,0.9953278688524589,820,798.6700000000001,Other
22210,WOOD STAMP SET BEST WISHES,0.9662837837837838,912,820.91,Other
22211,WOOD STAMP SET FLOWERS,0.9824427480916029,782,806.73,Other
22212,FOUR HOOK  WHITE LOVEBIRDS,2.1098449612403103,1416,2904.87,Other
22214,CANDLE PLATE LACE WHITE,2.3823809523809523,114,246.70000000000002,Lighting
22215,CAKE STAND WHITE TWO TIER LACE,7.41123595505618,330,2254.5,Other
22216,T-LIGHT HOLDER WHITE LACE,0.7144999999999999,327,182.31,Lighting
22217,T-LIGHT HOLDER HANGING LACE,0.9946875000000001,764,646.26,Lighting
22218,CAKE STAND LACE WHITE,4.25,1,4.25,Other
22219,LOVEBIRD HANGING DECORATION WHITE,0.86096875,3367,2814.37,Home Decor
22220,CAKE STAND LOVEBIRD 2 TIER WHITE,8.397297297297296,213,1489.55,Other
22221,CAKE STAND LOVEBIRD 2 TIER PINK,9.121590909090909,124,964.4,Other
22222,CAKE PLATE LOVEBIRD WHITE,4.307046979865772,824,2599.2,Kitchen & Dining
22223,CAKE PLATE LOVEBIRD PINK,4.096511627906977,315,902.85,Kitchen & Dining
22224,WHITE LOVEBIRD LANTERN,2.9051724137931036,687,1970.65,Lighting
22227,HANGING HEART MIRROR DECORATION,0.6648351648351648,1969,1276.85,Home Decor
22228,BUNNY WOODEN PAINTED WITH BIRD,0.6966666666666665,851,597.31,Other
22229,BUNNY WOODEN PAINTED WITH FLOWER,0.6703125,495,334.27,Other
22230,JIGSAW TREE WITH WATERING CAN,0.5484615384615384,925,356.16999999999996,Other
22231,JIGSAW TREE WITH BIRDHOUSE,0.9371559633027522,867,821.13,Other
22232,JIGSAW TOADSTOOLS 3 PIECE,0.9027868852459017,623,506.42999999999995,Other
22233,JIGSAW RABBIT AND BIRDHOUSE,1.02725,540,514.7,Other
22236,CAKE STAND 3 TIER MAGIC GARDEN,12.525,308,3624.5999999999995,Other
22241,GARLAND WOODEN HAPPY EASTER,1.2477245508982036,1762,2147.7799999999997,Home Decor
22242,5 HOOK HANGER MAGIC TOADSTOOL,1.6277777777777775,631,964.35,Other
22243,5 HOOK HANGER RED MAGIC TOADSTOOL,1.6318181818181818,3054,4595.099999999999,Other
22244,3 HOOK HANGER MAGIC GARDEN,1.924736842105263,1615,2911.6499999999996,Other
22245,"HOOK, 1 HANGER ,MAGIC GARDEN",0.8431578947368421,1198,965.26,Other
22246,"GARLAND, MAGIC GARDEN 1.8M",2.192222222222222,278,555.18,Other
22247,BUNNY DECORATION MAGIC GARDEN,0.8477966101694915,483,406.39,Home Decor
22248,DECORATION  PINK CHICK MAGIC GARDEN,0.8471739130434782,382,320.53999999999996,Home Decor
22249,DECORATION WHITE CHICK MAGIC GARDEN,0.8483333333333334,629,530.49,Home Decor
22250,DECORATION  BUTTERFLY  MAGIC GARDEN,0.8477586206896552,447,375.78999999999996,Home Decor
22251,BIRDHOUSE DECORATION MAGIC GARDEN,1.2474324324324324,518,642.94,Home Decor
22252,BIRDCAGE DECORATION TEALIGHT HOLDER,1.236231884057971,643,761.57,Lighting
22254,FELT TOADSTOOL LARGE,1.2453658536585366,594,706.02,Other
22255,FELT TOADSTOOL  SMALL,0.85,542,460.7,Other
22256,FELT FARM ANIMAL CHICKEN,1.25,257,321.25,Other
22257,FELT FARM ANIMAL SHEEP,1.1577777777777778,283,194.39,Other
22258,FELT FARM ANIMAL RABBIT,1.1347222222222222,722,543.9399999999999,Other
22259,FELT FARM ANIMAL HEN,1.0547058823529412,384,240.96,Other
22260,FELT EGG COSY BLUE RABBIT,0.9124,410,351.62,Other
22261,FELT EGG COSY WHITE RABBIT,0.8927397260273973,514,442.35999999999996,Other
22262,FELT EGG COSY CHICKEN,0.866421052631579,920,785.12,Other
22263,FELT EGG COSY LADYBIRD,0.868,255,124.83,Other
22264,FELT FARM ANIMAL WHITE BUNNY,0.6614285714285715,1391,517.0699999999999,Other
22265,EASTER DECORATION NATURAL CHICK,0.65,510,331.5,Home Decor
22266,EASTER DECORATION HANGING BUNNY,0.46058823529411763,1860,562.7,Home Decor
22267,EASTER DECORATION EGG BUNNY,0.9683116883116883,828,654.7,Home Decor
22268,EASTER DECORATION SITTING BUNNY,0.5686868686868687,1836,664.74,Home Decor
22269,EGG CUP NATURAL CHICKEN,0.9270454545454545,840,520.48,Kitchen & Dining
22270,HAPPY EASTER HANGING DECORATION,3.7418181818181817,210,770.22,Home Decor
22271,FELTCRAFT DOLL ROSIE,2.967519379844961,1648,4702.120000000001,Toys & Games
22272,FELTCRAFT DOLL MARIA,2.9414893617021276,194,553.1,Toys & Games
22273,FELTCRAFT DOLL MOLLY,2.9673220338983053,4464,11748.24,Toys & Games
22274,FELTCRAFT DOLL EMILY,2.988787878787879,1294,3711.5000000000005,Toys & Games
22275,WEEKEND BAG VINTAGE ROSE PAISLEY,7.65,69,527.85,Bags & Accessories
22276,WASH BAG VINTAGE ROSE PAISLEY,2.55,253,645.15,Bags & Accessories
22277,COSMETIC BAG VINTAGE ROSE PAISLEY,2.224920634920635,355,728.62,Bags & Accessories
22278,OVERNIGHT BAG VINTAGE ROSE PAISLEY,4.95,243,1202.85,Bags & Accessories
22279,POCKET BAG BLUE PAISLEY RED SPOT,1.27125,477,574.66,Bags & Accessories
22280,POCKET BAG PINK PAISELY BROWN SPOT,1.3670967741935485,176,223.63,Bags & Accessories
22281,EASTER TREE YELLOW BIRDS,5.95,108,642.6,Home Decor
22282,12 EGG HOUSE PAINTED WOOD,12.91265625,111,1425.27,Other
22283,6 EGG HOUSE PAINTED WOOD,8.017008547008547,256,2043.04,Other
22284,HEN HOUSE DECORATION,1.65,874,1442.1000000000001,Home Decor
22285,"DECORATION HEN ON NEST, HANGING",1.65,833,1374.45,Home Decor
22286,"DECORATION , WOBBLY RABBIT , METAL",1.0917721518987342,1025,824.37,Home Decor
22287,"DECORATION , WOBBLY CHICKEN, METAL",1.141578947368421,748,630.66,Home Decor
22288,HANGING METAL RABBIT DECORATION,1.25,452,565.0,Home Decor
22289,HANGING METAL CHICKEN DECORATION,1.25,122,152.5,Home Decor
22291,HANGING CHICK CREAM DECORATION,1.45,1215,1761.7499999999998,Home Decor
22292,HANGING CHICK  YELLOW DECORATION,1.4478260869565216,1085,1515.6499999999999,Home Decor
22293,HANGING CHICK GREEN DECORATION,1.45,817,1184.6499999999999,Home Decor
22294,HEART FILIGREE DOVE  SMALL,1.245511811023622,5362,6574.82,Home Decor
22295,HEART FILIGREE DOVE LARGE,1.6691627906976745,2719,4390.47,Home Decor
22296,HEART IVORY TRELLIS LARGE,1.6588888888888889,3039,4962.43,Home Decor
22297,HEART IVORY TRELLIS SMALL,1.257345132743363,3856,4706.28,Home Decor
22299,PIG KEYRING WITH LIGHT & SOUND,1.0452380952380953,1316,1231.34,Lighting
22300,COFFEE MUG DOG + BALL DESIGN,2.5337062937062935,1436,3011.64,Kitchen & Dining
22301,COFFEE MUG CAT + BIRD DESIGN,2.5197237569060773,2098,4478.34,Kitchen & Dining
22302,COFFEE MUG PEARS  DESIGN,2.5197905759162302,2287,4957.3,Kitchen & Dining
22303,COFFEE MUG APPLES DESIGN,2.5190434782608695,2764,6108.85,Kitchen & Dining
22304,COFFEE MUG BLUE PAISLEY DESIGN,2.6125531914893614,738,1252.76,Kitchen & Dining
22305,COFFEE MUG PINK PAISLEY DESIGN,2.693863636363636,684,1559.44,Kitchen & Dining
22306,SILVER MUG BONE CHINA TREE OF LIFE,1.1482178217821781,1126,1290.57,Kitchen & Dining
22307,GOLD MUG BONE CHINA TREE OF LIFE,1.162741935483871,729,835.61,Kitchen & Dining
22308,TEA COSY BLUE STRIPE,2.8052777777777775,145,356.89,Other
22309,TEA COSY RED  STRIPE,2.647384615384615,292,706.83,Other
22310,IVORY KNITTED MUG COSY,1.7896226415094338,531,841.79,Kitchen & Dining
22311,OFFICE MUG WARMER BLACK+SILVER,3.159684210526316,1049,2910.75,Kitchen & Dining
22312,OFFICE MUG WARMER POLKADOT,3.016595744680851,499,1443.1900000000003,Kitchen & Dining
22313,OFFICE MUG WARMER PINK,2.8417857142857144,553,1482.89,Kitchen & Dining
22314,OFFICE MUG WARMER CHOC+BLUE,3.0390526315789477,516,1431.14,Kitchen & Dining
22315,200 RED + WHITE BENDY STRAWS,1.2468333333333335,759,912.27,Other
22316,200 BENDY SKULL STRAWS,1.2360975609756097,637,705.0500000000001,Other
22317,FIVE CATS HANGING DECORATION,3.0751282051282054,171,503.37000000000006,Home Decor
22318,FIVE HEART HANGING DECORATION,2.941111111111111,396,1161.0000000000002,Home Decor
22319,HAIRCLIPS FORTIES FABRIC ASSORTED,0.5670491803278689,1322,572.26,Other
22320,BIRDS MOBILE VINTAGE DESIGN,6.1146376811594205,183,1100.21,Other
22321,BIRD DECORATION RED RETROSPOT,0.85,736,625.5999999999999,Home Decor
22322,BIRD DECORATION GREEN POLKADOT,0.85,390,331.5,Home Decor
22323,PINK POLKADOT KIDS BAG,1.95,1,1.95,Bags & Accessories
22324,BLUE POLKADOT KIDS BAG,2.4486666666666665,228,456.35999999999996,Bags & Accessories
22325,MOBILE VINTAGE HEARTS,4.93793103448276,152,750.3,Home Decor
22326,ROUND SNACK BOXES SET OF4 WOODLAND,2.9354362416107382,8075,22101.77,Storage
22327,ROUND SNACK BOXES SET OF 4 SKULLS,2.9403030303030304,821,2325.9500000000003,Storage
22328,ROUND SNACK BOXES SET OF 4 FRUITS,2.927527114967462,6469,17569.59,Storage
22329,ROUND CONTAINER SET OF 5 RETROSPOT,1.6394736842105262,1386,2181.3,Other
22331,WOODLAND PARTY BAG + STICKER SET,1.656153846153846,1768,2750.96,Bags & Accessories
22332,SKULLS PARTY BAG + STICKER SET,1.6438461538461537,981,1561.05,Bags & Accessories
22333,RETROSPOT PARTY BAG + STICKER SET,1.634,4389,6745.929999999999,Bags & Accessories
22334,DINOSAUR PARTY BAG + STICKER SET,1.663478260869565,684,1101.44,Bags & Accessories
22335,HEART DECORATION PAINTED ZINC,0.66015625,2018,1246.3,Home Decor
22336,DOVE DECORATION PAINTED ZINC,0.44461538461538463,2281,667.71,Home Decor
22337,ANGEL DECORATION PAINTED ZINC,0.6870370370370371,635,383.95,Home Decor
22338,STAR DECORATION PAINTED ZINC,0.3158333333333333,4175,924.9499999999999,Home Decor
22339,CHRISTMAS TREE PAINTED ZINC,0.26854545454545453,2283,569.29,Home Decor
22340,NOEL GARLAND PAINTED ZINC,0.44868852459016395,980,425.15999999999997,Other
22341,LOVE GARLAND PAINTED ZINC,1.8002439024390244,405,672.65,Other
22342,HOME GARLAND PAINTED ZINC,0.9826923076923078,833,769.65,Other
22343,PARTY PIZZA DISH RED RETROSPOT,0.5561904761904761,1702,744.34,Other
22344,PARTY PIZZA DISH PINK POLKADOT,0.5860869565217391,1046,372.74,Other
22345,PARTY PIZZA DISH BLUE POLKADOT,0.5490697674418604,969,317.90999999999997,Other
22346,PARTY PIZZA DISH GREEN POLKADOT,0.5551515151515152,882,309.12,Other
22348,TEA BAG PLATE RED RETROSPOT,0.866692607003891,3861,3221.79,Kitchen & Dining
22349,DOG BOWL CHASING BALL DESIGN,3.762434782608696,1339,5220.429999999999,Kitchen & Dining
22350,ILLUSTRATED CAT BOWL,2.5531460674157302,1356,3586.3199999999997,Kitchen & Dining
22351,DOTCOMGIFTSHOP TEA TOWEL,1.65,12,19.8,Other
22352,LUNCH BOX WITH CUTLERY RETROSPOT,2.554723926380368,2848,6705.04,Storage
22353,LUNCH BOX WITH CUTLERY FAIRY CAKES,2.55,60,153.0,Storage
22354,RETROSPOT PADDED SEAT CUSHION,3.8087692307692307,700,2502.82,Other
22355,CHARLOTTE BAG SUKI DESIGN,0.8513220338983051,8947,7114.85,Bags & Accessories
22356,CHARLOTTE BAG PINK POLKADOT,0.8615789473684211,7303,5838.09,Bags & Accessories
22357,KINGS CHOICE BISCUIT TIN,4.2058620689655175,324,1332.6,Other
22358,KINGS CHOICE TEA CADDY,2.9975675675675677,454,1335.38,Other
22359,GLASS JAR KINGS CHOICE,2.9958064516129035,161,477.7900000000001,Kitchen & Dining
22360,GLASS JAR ENGLISH CONFECTIONERY,3.015277777777778,880,2438.2000000000003,Kitchen & Dining
22361,GLASS JAR DAISY FRESH COTTON WOOL,2.9370967741935488,537,1507.3500000000001,Kitchen & Dining
22362,GLASS JAR PEACOCK BATH SALTS,3.015185185185185,349,987.23,Kitchen & Dining
22363,GLASS JAR MARMALADE,2.971016949152543,453,1223.99,Kitchen & Dining
22364,GLASS JAR DIGESTIVE BISCUITS,2.9970833333333338,516,1421.1200000000001,Kitchen & Dining
22365,DOORMAT RESPECTABLE HOUSE,7.862063492063492,729,4865.19,Other
22366,DOORMAT AIRMAIL,7.803141025641025,722,4887.82,Other
22367,CHILDRENS APRON SPACEBOY DESIGN,1.9843680709534366,3537,6560.79,Other
22371,AIRLINE BAG VINTAGE TOKYO 78,4.366706827309237,825,3468.63,Bags & Accessories
22372,AIRLINE BAG VINTAGE WORLD CHAMPION,4.318118811881188,221,935.33,Bags & Accessories
22374,AIRLINE BAG VINTAGE JET SET RED,4.262356687898089,445,1870.09,Bags & Accessories
22375,AIRLINE BAG VINTAGE JET SET BROWN,4.234375,250,1043.3,Bags & Accessories
22376,AIRLINE BAG VINTAGE JET SET WHITE,4.290952380952381,191,812.19,Bags & Accessories
22377,BOTTLE BAG RETROSPOT,1.9532380952380952,1038,1510.89,Bags & Accessories
22378,WALL TIDY RETROSPOT,1.83375,1680,2082.06,Other
22379,RECYCLING BAG RETROSPOT,2.125110024449878,6074,11913.03,Bags & Accessories
22380,TOY TIDY SPACEBOY,2.1285714285714286,1152,2266.35,Toys & Games
22381,TOY TIDY PINK POLKADOT,2.124505119453925,3167,6225.38,Toys & Games
22382,LUNCH BAG SPACEBOY DESIGN,1.6557603222557904,9875,15820.15,Bags & Accessories
22383,LUNCH BAG SUKI  DESIGN,1.651354656632173,11688,18667.6,Bags & Accessories
22384,LUNCH BAG PINK POLKADOT,1.6517428267800212,10226,16303.3,Bags & Accessories
22385,JUMBO BAG SPACEBOY DESIGN,2.036376811594203,8231,15320.75,Bags & Accessories
22386,JUMBO BAG PINK POLKADOT,2.018337104072398,20148,37254.36,Bags & Accessories
22389,PAPERWEIGHT SAVE THE PLANET,1.9886111111111109,329,596.91,Other
22390,PAPERWEIGHT CHILDHOOD MEMORIES,2.356666666666667,259,405.62,Other
22391,PAPERWEIGHT HOME SWEET HOME,1.5977777777777777,146,186.06,Other
22393,PAPERWEIGHT VINTAGE COLLAGE,1.9755102040816326,485,612.28,Other
22394,PAPERWEIGHT KINGS CHOICE,1.61375,160,190.79999999999998,Other
22395,PAPERWEIGHT VINTAGE PAISLEY,1.3153333333333335,134,130.26,Other
22396,MAGNETS PACK OF 4 RETRO PHOTO,0.631588785046729,1176,568.76,Other
22398,MAGNETS PACK OF 4 SWALLOWS,0.6372294372294371,2544,1528.29,Other
22399,MAGNETS PACK OF 4 CHILDHOOD MEMORY,1.2390804597701148,1130,1309.9,Other
22400,MAGNETS PACK OF 4 HOME SWEET HOME,0.5846206896551723,1386,711.87,Other
22402,MAGNETS PACK OF 4 VINTAGE COLLAGE,0.6233793103448276,1701,1005.7199999999999,Other
22403,MAGNETS PACK OF 4 VINTAGE LABELS,0.5850588235294119,1222,569.36,Other
22405,MONEY BOX POCKET MONEY DESIGN,1.1225925925925926,345,348.69,Storage
22406,MONEY BOX KINGS CHOICE DESIGN,1.215625,319,336.89,Storage
22407,MONEY BOX FIRST ADE DESIGN,1.2278260869565216,93,96.82,Storage
22408,MONEY BOX CONFECTIONERY DESIGN,1.1877272727272727,136,140.25,Storage
22409,MONEY BOX BISCUITS DESIGN,1.25,216,270.0,Storage
22410,MONEY BOX HOUSEKEEPING DESIGN,1.1454347826086957,223,212.88,Storage
22411,JUMBO SHOPPER VINTAGE RED PAISLEY,2.037440100882724,10490,20116.38,Other
22412,METAL SIGN NEIGHBOURHOOD WITCH,2.093421052631579,874,1778.4,Other
22413,METAL SIGN TAKE IT OR LEAVE IT,2.9645070422535214,3687,10638.45,Other
22414,DOORMAT NEIGHBOURHOOD WITCH,8.289,253,1645.67,Other
22415,WHITE TISSUE REAM,7.950000000000001,19,151.05,Other
22416,SET OF 36 DOILIES SPACEBOY DESIGN,1.4436507936507936,850,1174.8999999999999,Other
22417,PACK OF 60 SPACEBOY CAKE CASES,0.5528019323671498,8097,4128.389999999999,Other
22418,10 COLOUR SPACEBOY PEN,0.8724691358024691,6267,5209.17,Other
22419,LIPSTICK PEN RED,0.44703703703703707,2803,1232.34,Other
22420,LIPSTICK PEN BABY PINK,0.47779069767441856,1198,499.91,Other
22421,LIPSTICK PEN FUSCHIA,0.4568852459016393,1924,794.78,Other
22422,TOOTHPASTE TUBE PEN,0.6606578947368421,970,396.6,Other
22423,REGENCY CAKESTAND 3 TIER,12.482895504962055,12374,142264.75,Other
22424,ENAMEL BREAD BIN CREAM,12.658220858895705,711,8493.5,Other
22425,ENAMEL COLANDER CREAM,4.960709219858156,434,2086.11,Other
22426,ENAMEL WASH BOWL CREAM,3.661724137931035,659,2228.05,Kitchen & Dining
22427,ENAMEL FLOWER JUG CREAM,5.9109909909909915,1991,11421.130000000001,Other
22428,ENAMEL FIRE BUCKET CREAM,7.015,221,1528.73,Other
22429,ENAMEL MEASURING JUG CREAM,4.259589905362776,1184,4916.04,Other
22430,ENAMEL WATERING CAN CREAM,4.928395061728395,539,2621.85,Other
22431,WATERING CAN BLUE ELEPHANT,1.970649819494585,1979,3682.7499999999995,Other
22432,WATERING CAN PINK BUNNY,1.9490677966101693,1644,3092.7799999999997,Other
22433,WATERING CAN GREEN DINOSAUR,1.950418848167539,1341,2487.5299999999997,Other
22434,BALLOON PUMP WITH 10 BALLOONS,1.9694642857142857,774,1511.48,Other
22435,SET OF 9 HEART SHAPED BALLOONS,1.2559534883720929,2671,3245.79,Home Decor
22436,12 COLOURED PARTY BALLOONS,0.6626760563380282,2089,1359.65,Other
22437,SET OF 9 BLACK SKULL BALLOONS,0.8477586206896551,2725,2261.65,Other
22438,BALLOON ART MAKE YOUR OWN FLOWERS,1.5042857142857142,887,801.45,Other
22439,6 ROCKET BALLOONS,0.690625,1762,1172.9,Other
22440,BALLOON WATER BOMB PACK OF 35,0.4174468085106383,5873,2244.06,Other
22441,GROW YOUR OWN BASIL IN ENAMEL MUG,2.0970414201183436,990,2061.0,Kitchen & Dining
22442,GROW YOUR OWN FLOWERS SET OF 3,6.295945945945946,292,1177.8,Other
22443,GROW YOUR OWN HERBS SET OF 3,7.95,152,1208.4,Other
22444,GROW YOUR OWN PLANT IN A CAN,1.2442424242424244,762,934.26,Other
22445,PENCIL CASE LIFE IS BEAUTIFUL,3.0577551020408165,469,1359.3500000000001,Other
22446,PIN CUSHION BABUSHKA PINK,3.2551219512195124,161,432.99,Other
22447,PIN CUSHION BABUSHKA BLUE,3.0875,75,223.95000000000002,Other
22448,PIN CUSHION BABUSHKA RED,3.199411764705882,187,576.3100000000001,Other
22449,SILK PURSE BABUSHKA PINK,3.3252272727272727,364,1214.3300000000002,Bags & Accessories
22450,SILK PURSE BABUSHKA BLUE,3.3424528301886793,183,610.6500000000001,Bags & Accessories
22451,SILK PURSE BABUSHKA RED,3.3394736842105264,201,654.1500000000001,Bags & Accessories
22452,MEASURING TAPE BABUSHKA PINK,2.8935294117647063,388,1094.8000000000002,Other
22453,MEASURING TAPE BABUSHKA BLUE,2.9239130434782608,333,948.7500000000001,Other
22454,MEASURING TAPE BABUSHKA RED,2.918421052631579,228,639.0,Other
22456,NATURAL SLATE CHALKBOARD LARGE,4.887828947368422,1448,6813.400000000001,Other
22457,NATURAL SLATE HEART CHALKBOARD,2.975267489711934,8427,24089.170000000002,Home Decor
22458,CAST IRON HOOK GARDEN FORK,2.57,513,1371.4299999999998,Other
22459,CAST IRON HOOK GARDEN TROWEL,2.529333333333333,375,962.73,Other
22460,EMBOSSED GLASS TEALIGHT HOLDER,1.286604938271605,2368,2855.59,Lighting
22461,SAVOY ART DECO CLOCK,7.7411111111111115,231,1251.25,Other
22464,HANGING METAL HEART LANTERN,1.5950179211469533,3179,4789.71,Lighting
22465,HANGING METAL STAR LANTERN,1.530496894409938,1958,2828.08,Lighting
22466,FAIRY TALE COTTAGE NIGHTLIGHT,1.9274834437086092,2928,5070.0,Lighting
22467,GUMBALL COAT RACK,2.498700173310225,7652,17488.55,Other
22468,BABUSHKA LIGHTS STRING OF 10,6.758103448275863,467,3032.39,Lighting
22469,HEART OF WICKER SMALL,1.6394279877425946,16768,28217.09,Home Decor
22470,HEART OF WICKER LARGE,2.956905055487053,9577,28479.65,Home Decor
22471,TV DINNER TRAY AIR HOSTESS,4.3521875,359,1092.73,Other
22472,TV DINNER TRAY DOLLY GIRL,4.759,291,1224.17,Toys & Games
22473,TV DINNER TRAY VINTAGE PAISLEY,4.238607594936709,437,1239.3899999999999,Other
22474,SPACEBOY TV DINNER TRAY,4.597469879518073,244,1009.04,Other
22475,SKULL DESIGN TV DINNER TRAY,4.637272727272728,278,1211.1000000000001,Other
22476,EMPIRE UNION JACK TV DINNER TRAY,4.96025641025641,810,2145.8199999999997,Other
22477,WATERING CAN GARDEN MARKER,1.2565714285714285,1280,1765.6,Other
22478,BIRDHOUSE GARDEN MARKER,1.2560526315789473,1411,1929.35,Other
22479,DAISY GARDEN MARKER,1.2585185185185184,1078,1513.1,Other
22480,RED TEA TOWEL CLASSIC DESIGN,1.2443283582089553,612,728.52,Other
22481,BLACK TEA TOWEL CLASSIC DESIGN,1.0524418604651162,692,607.74,Other
22482,BLUE TEA TOWEL CLASSIC DESIGN,1.2420833333333332,448,523.52,Other
22483,RED GINGHAM TEDDY BEAR,2.9813846153846155,722,2029.9800000000002,Other
22485,SET OF 2 WOODEN MARKET CRATES,12.629999999999999,462,5652.9,Other
22486,PLASMATRONIC LAMP,7.904000000000001,52,288.94,Lighting
22487,WHITE WOOD GARDEN PLANT LADDER,9.769815303430079,723,6768.86,Other
22488,NATURAL SLATE RECTANGLE CHALKBOARD,1.6542443729903538,2910,4635.26,Other
22489,PACK OF 12 TRADITIONAL CRAYONS,0.4321495327102804,9313,3754.4700000000003,Other
22491,PACK OF 12 COLOURED PENCILS,0.8557920792079208,3898,3120.64,Other
22492,MINI PAINT SET VINTAGE,0.656523076923077,26076,16039.24,Other
22493,PAINT YOUR OWN CANVAS SET,1.7007865168539327,2352,3737.28,Other
22494,EMERGENCY FIRST AID TIN,1.3484873949579832,890,1102.64,Other
22495,SET OF 2 ROUND TINS CAMEMBERT,2.5844615384615386,241,512.23,Other
22496,SET OF 2 ROUND TINS DUTCH CHEESE,2.6682608695652177,242,474.14000000000004,Other
22497,SET OF 2 TINS VINTAGE BATHROOM,4.25,177,752.25,Other
22498,WOODEN REGATTA BUNTING,5.95,228,1356.6000000000001,Other
22499,WOODEN UNION JACK BUNTING,5.945016722408027,1734,9928.83,Other
22500,SET OF 2 TINS JARDIN DE PROVENCE,4.122941176470588,235,826.5500000000001,Other
22501,PICNIC BASKET WICKER LARGE,9.778482490272372,1192,10799.0,Storage
22502,PICNIC BASKET WICKER SMALL,11.264194915254237,1485,47348.35,Storage
22503,CABIN BAG VINTAGE PAISLEY,23.95,64,1279.2,Bags & Accessories
22504,CABIN BAG VINTAGE RETROSPOT,22.50897435897436,160,3012.4,Bags & Accessories
22505,MEMO BOARD COTTAGE DESIGN,4.924393939393939,1361,6286.39,Other
22507,MEMO BOARD RETROSPOT  DESIGN,4.937327586206897,2786,12411.02,Other
22508,DOORSTOP RETROSPOT HEART,3.838093220338983,1511,5919.46,Home Decor
22509,SEWING BOX RETROSPOT DESIGN,11.7625,203,1923.85,Storage
22510,GINGHAM BABUSHKA DOORSTOP,2.4070731707317075,209,400.87,Other
22511,RETROSPOT BABUSHKA DOORSTOP,2.3329166666666667,245,455.87,Other
22512,DOORSTOP RACING CAR DESIGN,2.6490625,117,232.25,Other
22513,DOORSTOP FOOTBALL DESIGN,3.780980392156863,134,404.98,Other
22514,CHILDS GARDEN SPADE BLUE,2.0966666666666667,260,537.0,Other
22515,CHILDS GARDEN SPADE PINK,2.096031746031746,237,488.70000000000005,Other
22516,CHILDS GARDEN RAKE BLUE,2.094186046511628,170,348.0,Other
22517,CHILDS GARDEN RAKE PINK,2.0953703703703703,179,366.9,Other
22518,CHILDS GARDEN BRUSH BLUE,2.0824561403508772,333,663.3000000000001,Other
22519,CHILDS GARDEN BRUSH PINK,2.0846153846153848,370,741.0,Other
22520,CHILDS GARDEN TROWEL BLUE,0.85,705,599.25,Other
22521,CHILDS GARDEN TROWEL PINK,0.85,598,508.29999999999995,Other
22522,CHILDS GARDEN FORK BLUE,0.8489344262295081,921,757.89,Other
22523,CHILDS GARDEN FORK PINK,0.85,843,716.55,Other
22524,CHILDRENS GARDEN GLOVES BLUE,1.247121212121212,592,721.0,Other
22525,CHILDRENS GARDEN GLOVES PINK,1.246346153846154,458,553.5,Other
22526,WHEELBARROW FOR CHILDREN,12.72313432835821,112,1406.4,Other
22529,MAGIC DRAWING SLATE GO TO THE FAIR,0.4180327868852459,814,328.92,Other
22530,MAGIC DRAWING SLATE DOLLY GIRL,0.4160655737704918,3511,1430.7,Toys & Games
22531,MAGIC DRAWING SLATE CIRCUS PARADE,0.4196341463414634,3291,1347.66,Other
22532,MAGIC DRAWING SLATE LEAP FROG,0.4133823529411765,1063,360.06,Other
22533,MAGIC DRAWING SLATE BAKE A CAKE,0.41115384615384615,1740,605.52,Other
22534,MAGIC DRAWING SLATE SPACEBOY,0.41739130434782606,4331,1735.5,Other
22535,MAGIC DRAWING SLATE BUNNIES,0.41481818181818175,1713,630.1800000000001,Other
22536,MAGIC DRAWING SLATE PURDEY,0.41275862068965513,4718,1780.92,Other
22537,MAGIC DRAWING SLATE DINOSAUR,0.42,1816,762.72,Other
22538,MINI JIGSAW GO TO THE FAIR,0.41115384615384615,386,151.07999999999998,Other
22539,MINI JIGSAW DOLLY GIRL,0.403448275862069,2821,1049.1499999999999,Toys & Games
22540,MINI JIGSAW CIRCUS PARADE,0.41215384615384615,2451,915.78,Other
22541,MINI JIGSAW LEAP FROG,0.4257142857142857,465,180.62,Other
22543,MINI JIGSAW BAKE A CAKE,0.3758974358974359,1434,515.77,Other
22544,MINI JIGSAW SPACEBOY,0.41056,4411,1627.04,Other
22545,MINI JIGSAW BUNNIES,0.4004255319148936,1088,390.69,Other
22546,MINI JIGSAW PURDEY,0.39864406779661016,2064,767.41,Other
22547,MINI JIGSAW DINOSAUR,0.43764705882352944,738,279.51,Other
22548,HEADS AND TAILS SPORTING FUN,1.2591758241758242,1871,2095.46,Other
22549,PICTURE DOMINOES,1.5166666666666666,2991,4235.59,Other
22550,HOLIDAY FUN LUDO,3.83,1102,3810.71,Other
22551,PLASTERS IN TIN SPACEBOY,1.6571672354948803,7656,12138.6,Other
22553,PLASTERS IN TIN SKULLS,1.6464365256124722,4009,6461.25,Other
22554,PLASTERS IN TIN WOODLAND ANIMALS,1.6501344537815126,7297,11620.93,Other
22555,PLASTERS IN TIN STRONGMAN,1.6487719298245613,5874,9444.14,Other
22556,PLASTERS IN TIN CIRCUS PARADE,1.6582732447817836,5947,9588.71,Other
22557,PLASTERS IN TIN VINTAGE PAISLEY,1.6786298568507156,4564,7331.84,Other
22558,CLOTHES PEGS RETROSPOT PACK 24,1.5957165109034268,8405,12525.21,Other
22559,SEASIDE FLYING DISC,1.3643589743589744,387,472.77,Other
22560,TRADITIONAL MODELLING CLAY,1.272857142857143,7990,9281.47,Other
22561,WOODEN SCHOOL COLOURING SET,1.6562376237623762,5690,9064.62,Other
22562,MONSTERS STENCIL CRAFT,1.2651052631578947,1390,1710.42,Other
22563,HAPPY STENCIL CRAFT,1.2560392156862745,2777,3244.6,Other
22564,ALPHABET STENCIL CRAFT,1.2604848484848483,2668,2999.19,Other
22565,FELTCRAFT HAIRBANDS PINK AND WHITE,0.921559633027523,817,711.6099999999999,Other
22566,FELTCRAFT HAIRBAND PINK AND PURPLE,0.8951239669421488,828,716.28,Other
22567,20 DOLLY PEGS RETROSPOT,1.3523913043478262,2346,3017.5,Toys & Games
22568,FELTCRAFT CUSHION OWL,3.786205250596659,3277,11756.8,Other
22569,FELTCRAFT CUSHION BUTTERFLY,3.7369932432432433,2692,9632.98,Other
22570,FELTCRAFT CUSHION RABBIT,3.7371253822629966,3012,10672.31,Other
22571,ROCKING HORSE RED CHRISTMAS,0.8463888888888889,2200,1807.6,Home Decor
22572,ROCKING HORSE GREEN CHRISTMAS,0.847984496124031,1252,1039.24,Home Decor
22573,STAR WOODEN CHRISTMAS DECORATION,0.9087096774193548,2440,2036.56,Home Decor
22574,HEART WOODEN CHRISTMAS DECORATION,0.8982389937106918,2121,1851.99,Home Decor
22575,METAL MERRY CHRISTMAS WREATH,1.9383116883116882,619,1154.25,Home Decor
22576,SWALLOW WOODEN CHRISTMAS DECORATION,0.8913178294573643,1418,1217.78,Home Decor
22577,WOODEN HEART CHRISTMAS SCANDINAVIAN,0.4231941544885177,9782,3415.8999999999996,Home Decor
22578,WOODEN STAR CHRISTMAS SCANDINAVIAN,0.37855875831485586,9628,3164.0799999999995,Home Decor
22579,WOODEN TREE CHRISTMAS SCANDINAVIAN,0.40540069686411145,4805,1664.2899999999997,Home Decor
22580,ADVENT CALENDAR GINGHAM SACK,6.0849397590361445,834,4775.780000000001,Other
22581,WOOD STOCKING CHRISTMAS SCANDISPOT,0.7408823529411764,1088,704.02,Home Decor
22582,PACK OF 6 SWEETIE GIFT BOXES,2.5691139240506327,1029,2496.76,Storage
22583,PACK OF 6 HANDBAG GIFT BOXES,2.55,528,1346.4,Bags & Accessories
22584,PACK OF 6 PANNETONE GIFT BOXES,2.582337662337662,2238,5488.9400000000005,Storage
22585,PACK OF 6 BIRDY GIFT TAGS,1.259093655589124,6051,7135.95,Other
22586,FELTCRAFT HAIRBAND PINK AND BLUE,0.85,796,676.5999999999999,Other
22587,FELTCRAFT HAIRBAND RED AND BLUE,0.85,842,715.6999999999999,Other
22588,CARD HOLDER GINGHAM HEART,2.9497037037037037,602,1724.42,Home Decor
22589,CARDHOLDER GINGHAM STAR,3.1558620689655172,323,940.49,Other
22591,CARDHOLDER GINGHAM CHRISTMAS TREE,3.7039682539682537,374,1250.84,Home Decor
22592,CARDHOLDER HOLLY WREATH METAL,3.926153846153846,506,1886.08,Other
22593,CHRISTMAS GINGHAM STAR,0.9094285714285714,2047,1735.27,Home Decor
22594,CHRISTMAS GINGHAM TREE,0.9222222222222223,1744,1480.06,Home Decor
22595,CHRISTMAS GINGHAM HEART,0.8588315217391305,6503,5267.8099999999995,Home Decor
22596,CHRISTMAS STAR WISH LIST CHALKBOARD,1.1650210970464137,3264,3535.2,Home Decor
22597,CHRISTMAS MUSICAL ZINC HEART,0.5016393442622951,2533,973.39,Home Decor
22598,CHRISTMAS MUSICAL ZINC TREE,0.475,811,290.16999999999996,Home Decor
22599,CHRISTMAS MUSICAL ZINC STAR,0.47901408450704225,1489,528.2099999999999,Home Decor
22600,CHRISTMAS RETROSPOT STAR WOOD,0.8924305555555555,1538,1301.84,Home Decor
22601,CHRISTMAS RETROSPOT ANGEL WOOD,0.8987499999999999,2235,1824.87,Home Decor
22602,CHRISTMAS RETROSPOT HEART WOOD,0.8608333333333332,1960,1645.72,Home Decor
22603,CHRISTMAS RETROSPOT TREE WOOD,0.89,1293,1088.1299999999999,Home Decor
22604,SET OF 4 NAPKIN CHARMS CUTLERY,2.535357142857143,1171,2642.86,Other
22605,WOODEN CROQUET GARDEN SET,14.353443983402489,709,9555.98,Other
22606,WOODEN SKITTLES GARDEN SET,15.204135338345864,303,4304.849999999999,Other
22607,WOODEN ROUNDERS GARDEN SET,9.77453947368421,1265,11561.34,Other
22608,PENS ASSORTED FUNKY JEWELED,0.20833333333333334,4897,977.89,Other
22609,PENS ASSORTED SPACEBALL,0.27487394957983197,5564,1206.2,Other
22610,PENS ASSORTED FUNNY FACE,0.2294186046511628,9110,2313.7400000000002,Other
22611,VINTAGE UNION JACK SHOPPING BAG,4.898780487804878,219,1016.85,Bags & Accessories
22613,PACK OF 20 SPACEBOY NAPKINS,0.8474782608695651,1488,1150.3799999999999,Other
22614,PACK OF 12 SPACEBOY TISSUES,0.34630057803468206,2955,960.6099999999999,Other
22615,PACK OF 12 CIRCUS PARADE TISSUES,0.33347826086956517,2022,617.8399999999999,Other
22616,PACK OF 12 LONDON TISSUES,0.32581632653061227,25329,7261.7699999999995,Other
22617,BAKING SET SPACEBOY DESIGN,5.038665105386418,2153,10210.89,Other
22618,COOKING SET RETROSPOT,9.8916,66,621.66,Other
22619,SET OF 6 SOLDIER SKITTLES,3.869649122807018,2290,8571.25,Other
22620,4 TRADITIONAL SPINNING TOPS,1.4299191374663074,4486,5952.83,Other
22621,TRADITIONAL KNITTING NANCY,1.6412909441233139,5893,9294.57,Other
22622,BOX OF VINTAGE ALPHABET BLOCKS,11.122554112554113,1295,13035.66,Storage
22623,BOX OF VINTAGE JIGSAW BLOCKS,5.82972602739726,918,5019.67,Storage
22624,IVORY KITCHEN SCALES,8.585887096774194,1765,14638.73,Other
22625,RED KITCHEN SCALES,8.441473214285715,1469,11836.23,Other
22626,BLACK KITCHEN SCALES,8.507267759562842,501,4134.03,Other
22627,MINT KITCHEN SCALES,8.470526315789474,789,6574.29,Other
22628,PICNIC BOXES SET OF 3 RETROSPOT,4.932352941176471,774,3607.3,Storage
22629,SPACEBOY LUNCH BOX,1.9308744710860366,13908,24673.14,Storage
22630,DOLLY GIRL LUNCH BOX,1.9508988764044946,11323,20104.09,Toys & Games
22631,CIRCUS PARADE LUNCH BOX,1.93988416988417,3371,6114.83,Storage
22632,HAND WARMER RED POLKA DOT,2.076448087431694,4388,8738.52,Other
22633,HAND WARMER UNION JACK,2.0825714285714287,4730,9516.960000000001,Other
22634,CHILDS BREAKFAST SET SPACEBOY,9.70951219512195,728,6652.0,Other
22635,CHILDS BREAKFAST SET DOLLY GIRL,9.789779005524862,656,6053.05,Toys & Games
22636,CHILDS BREAKFAST SET CIRCUS PARADE,8.425274725274726,565,4656.3,Other
22637,PIGGY BANK RETROSPOT,2.528091603053435,2615,6298.37,Other
22638,SET OF 4 NAPKIN CHARMS CROWNS,2.246052631578947,255,394.42,Other
22639,SET OF 4 NAPKIN CHARMS HEARTS,2.4765384615384614,762,1730.82,Home Decor
22640,SET OF 4 NAPKIN CHARMS 3 KEYS,2.3797560975609753,185,341.67,Other
22641,SET OF 4 NAPKIN CHARMS INSTRUMENT,2.4058333333333333,112,225.92,Other
22642,SET OF 4 NAPKIN CHARMS STARS,2.2315555555555555,253,516.8,Other
22643,SET OF 4 NAPKIN CHARMS LEAVES,2.0826666666666664,183,331.29,Other
22644,CERAMIC CHERRY CAKE MONEY BANK,1.3367021276595743,2043,2315.73,Other
22645,CERAMIC HEART FAIRY CAKE MONEY BANK,1.4098290598290597,1748,2243.94,Home Decor
22646,CERAMIC STRAWBERRY CAKE MONEY BANK,1.3881560283687941,3919,4745.3099999999995,Other
22647,CERAMIC LOVE HEART MONEY BANK,0.9299999999999999,721,429.84999999999997,Home Decor
22649,STRAWBERRY FAIRY CAKE TEAPOT,4.928658536585366,748,3638.9,Other
22650,CERAMIC PIRATE CHEST MONEY BANK,1.4424528301886792,791,1122.95,Other
22651,GENTLEMAN SHIRT REPAIR KIT,0.8942553191489362,1992,1602.72,Other
22652,TRAVEL SEWING KIT,1.6593702770780856,4859,7779.11,Other
22653,BUTTON BOX,1.939090909090909,1071,2020.71,Storage
22654,DELUXE SEWING KIT,6.071434977578476,1057,5968.67,Other
22655,VINTAGE RED KITCHEN CABINET,143.42105263157896,60,8125.0,Other
22656,VINTAGE BLUE KITCHEN CABINET,146.75,26,3685.0,Other
22659,LUNCH BOX I LOVE LONDON,1.9266666666666665,11075,19316.17,Storage
22660,DOORMAT I LOVE LONDON,7.934782608695652,327,2157.33,Other
22661,CHARLOTTE BAG DOLLY GIRL DESIGN,0.8455043227665706,5065,4011.19,Bags & Accessories
22662,LUNCH BAG DOLLY GIRL DESIGN,1.656006600660066,6527,10330.99,Bags & Accessories
22663,JUMBO BAG DOLLY GIRL DESIGN,2.0553312302839117,3096,6006.33,Bags & Accessories
22664,TOY TIDY DOLLY GIRL DESIGN,2.1175490196078433,642,1178.18,Toys & Games
22665,RECIPE BOX BLUE SKETCHBOOK DESIGN,2.9801298701298706,1218,3422.0600000000004,Storage
22666,RECIPE BOX PANTRY YELLOW DESIGN,2.962523923444976,7366,20838.620000000003,Storage
22667,RECIPE BOX RETROSPOT,2.9214285714285717,2851,7896.85,Storage
22668,PINK BABY BUNTING,2.974313725490196,1954,5415.66,Other
22669,RED BABY BUNTING,2.9428143712574855,1027,2969.65,Other
22670,FRENCH WC SIGN BLUE METAL,1.2654761904761904,1753,2192.74,Other
22671,FRENCH LAUNDRY SIGN BLUE METAL,1.7098058252427184,918,1463.66,Other
22672,FRENCH BATHROOM SIGN BLUE METAL,1.65775,1382,2227.62,Other
22673,FRENCH GARDEN SIGN BLUE METAL,1.2683783783783784,769,956.83,Other
22674,FRENCH TOILET SIGN BLUE METAL,1.2543537414965986,1270,1531.71,Other
22675,FRENCH KITCHEN SIGN BLUE METAL,1.30352,1173,1420.14,Other
22676,FRENCH BLUE METAL DOOR SIGN 1,1.2758695652173913,1038,1301.14,Other
22677,FRENCH BLUE METAL DOOR SIGN 2,1.2601769911504426,874,1092.51,Other
22678,FRENCH BLUE METAL DOOR SIGN 3,1.2731372549019608,750,939.93,Other
22679,FRENCH BLUE METAL DOOR SIGN 4,1.2759340659340659,646,809.32,Other
22680,FRENCH BLUE METAL DOOR SIGN 5,1.2731372549019608,743,929.97,Other
22681,FRENCH BLUE METAL DOOR SIGN 6,1.278433734939759,627,785.57,Other
22682,FRENCH BLUE METAL DOOR SIGN 7,1.264375,618,773.11,Other
22683,FRENCH BLUE METAL DOOR SIGN 8,1.2795,575,720.57,Other
22684,FRENCH BLUE METAL DOOR SIGN 9,1.2489999999999999,462,576.9,Other
22685,FRENCH BLUE METAL DOOR SIGN 0,1.249142857142857,543,678.15,Other
22686,FRENCH BLUE METAL DOOR SIGN No,1.2554794520547945,859,997.2,Other
22687,DOORMAT CHRISTMAS VILLAGE,8.836,568,2991.7,Home Decor
22688,DOORMAT PEACE ON EARTH BLUE,7.9585185185185185,700,3442.04,Other
22689,DOORMAT MERRY CHRISTMAS RED,8.764513274336283,614,4340.44,Home Decor
22690,DOORMAT HOME SWEET HOME BLUE,7.8720610687022905,1595,9619.99,Other
22691,DOORMAT WELCOME SUNRISE,7.94042105263158,343,2260.69,Other
22692,DOORMAT WELCOME TO OUR HOME,7.915147928994084,1376,9451.58,Other
22693,GROW A FLYTRAP OR SUNFLOWER IN TIN,1.2353974895397488,15940,17226.2,Other
22694,WICKER STAR,2.096753246753247,1608,3328.8,Other
22695,WICKER WREATH SMALL,1.333469387755102,695,850.87,Other
22696,WICKER WREATH LARGE,1.989375,692,1303.4599999999998,Other
22697,GREEN REGENCY TEACUP AND SAUCER,2.942057142857143,6406,17735.54,Kitchen & Dining
22698,PINK REGENCY TEACUP AND SAUCER,2.9347584973166367,5307,14663.29,Kitchen & Dining
22699,ROSES REGENCY TEACUP AND SAUCER,2.92314791403287,9119,24827.250000000004,Kitchen & Dining
22700,BLACK AND WHITE DOG BOWL,2.3668750000000003,1192,2578.78,Kitchen & Dining
22701,PINK DOG BOWL,2.240754716981132,436,613.24,Kitchen & Dining
22702,BLACK AND WHITE CAT BOWL,1.7930232558139536,1357,2661.8999999999996,Kitchen & Dining
22703,PINK CAT BOWL,1.61,168,249.42,Kitchen & Dining
22704,WRAP RED APPLES,0.4190751445086705,5250,2157.0,Other
22705,WRAP GREEN PEARS,0.42,1875,787.5,Other
22706,WRAP COWBOYS,0.41884057971014493,2050,845.0,Other
22707,WRAP MONSTER FUN,0.42,1250,525.0,Other
22708,WRAP DOLLY GIRL,0.41919191919191917,2775,1149.5,Toys & Games
22709,WRAP WEDDING DAY,0.41641025641025636,1325,528.5,Other
22710,WRAP I LOVE LONDON,0.41619999999999996,4425,1742.5,Other
22711,WRAP CIRCUS PARADE,0.4192,2827,1171.34,Other
22712,CARD DOLLY GIRL,0.4355868544600939,4271,1701.21,Toys & Games
22713,CARD I LOVE LONDON,0.42146666666666666,3249,1286.92,Other
22714,CARD BIRTHDAY COWBOY,0.4206451612903226,3367,1324.89,Other
22715,CARD WEDDING DAY,0.4181632653061224,1506,615.24,Other
22716,CARD CIRCUS PARADE,0.4243457943925234,3076,1267.23,Other
22717,CARD DOG AND BALL,0.41931034482758617,1170,487.08,Other
22718,CARD CAT AND TREE,0.4188461538461538,1536,636.48,Other
22719,GUMBALL MONOCHROME COAT RACK,1.1941176470588235,463,508.07,Other
22720,SET OF 3 CAKE TINS PANTRY DESIGN,4.953637152777778,7010,33298.3,Other
22721,SET OF 3 CAKE TINS SKETCHBOOK,4.831295546558704,908,3942.82,Other
22722,SET OF 6 SPICE TINS PANTRY DESIGN,3.9169683257918555,5360,20482.600000000002,Other
22723,SET OF 6 HERB TINS SKETCHBOOK,3.7472268907563024,1054,3686.1400000000003,Other
22725,ALARM CLOCK BAKELIKE CHOCOLATE,3.8015384615384615,1772,6559.26,Other
22726,ALARM CLOCK BAKELIKE GREEN,3.7915809284818067,5630,20839.15,Other
22727,ALARM CLOCK BAKELIKE RED,3.7669525959367944,7206,25868.95,Other
22728,ALARM CLOCK BAKELIKE PINK,3.7872697899838452,5066,18539.09,Other
22729,ALARM CLOCK BAKELIKE ORANGE,3.7664285714285715,2179,7984.38,Other
22730,ALARM CLOCK BAKELIKE IVORY,3.7555531914893616,2721,10259.36,Other
22731,3D CHRISTMAS STAMPS STICKERS,1.350943396226415,1075,1361.95,Home Decor
22732,3D VINTAGE CHRISTMAS STICKERS,1.3437795275590552,1522,1930.38,Home Decor
22733,3D TRADITIONAL CHRISTMAS STICKERS,1.3340277777777778,1471,1882.31,Home Decor
22734,SET OF 6 RIBBONS VINTAGE CHRISTMAS,2.89165191740413,2839,8040.27,Home Decor
22735,RIBBON REEL SOCKS AND MITTENS,1.7409090909090907,668,1097.88,Other
22736,RIBBON REEL MAKING SNOWMEN,1.7242105263157894,1091,1807.31,Other
22737,RIBBON REEL CHRISTMAS PRESENT,1.7367724867724867,1226,2073.74,Home Decor
22738,RIBBON REEL SNOWY VILLAGE,1.6999435028248586,1991,3193.03,Other
22739,RIBBON REEL CHRISTMAS SOCK BAUBLE,1.7441062801932365,1571,2676.39,Home Decor
22740,POLKADOT PEN,0.8451401869158878,6625,5475.25,Other
22741,FUNKY DIVA PEN,0.8541935483870968,8328,7010.94,Other
22742,MAKE YOUR OWN PLAYTIME CARD KIT,2.6263636363636365,624,1236.2400000000002,Other
22743,MAKE YOUR OWN FLOWERPOWER CARD KIT,2.8079865771812083,863,2018.8100000000002,Other
22744,MAKE YOUR OWN MONSOON CARD KIT,2.689189189189189,830,1892.14,Other
22745,POPPY'S PLAYHOUSE BEDROOM,2.1152201257861636,1780,3673.15,Other
22746,POPPY'S PLAYHOUSE LIVINGROOM,2.129130434782609,1315,2724.62,Other
22747,POPPY'S PLAYHOUSE BATHROOM,2.0956140350877193,876,1794.6,Other
22748,POPPY'S PLAYHOUSE KITCHEN,2.12621776504298,1887,3916.91,Other
22749,FELTCRAFT PRINCESS CHARLOTTE DOLL,3.7540686274509807,2210,8022.76,Toys & Games
22750,FELTCRAFT PRINCESS LOLA DOLL,3.7669291338582678,1945,7095.69,Toys & Games
22751,FELTCRAFT PRINCESS OLIVIA DOLL,3.7944268774703556,1511,5434.85,Toys & Games
22752,SET 7 BABUSHKA NESTING BOXES,8.403545150501671,1651,12639.79,Storage
22753,SMALL YELLOW BABUSHKA NOTEBOOK,0.7711976047904191,917,613.78,Other
22754,SMALL RED BABUSHKA NOTEBOOK,0.7683505154639175,1800,1104.74,Other
22755,SMALL PURPLE BABUSHKA NOTEBOOK,0.7906666666666667,1574,1010.23,Other
22756,LARGE YELLOW BABUSHKA NOTEBOOK,1.1112903225806452,554,546.88,Other
22757,LARGE RED BABUSHKA NOTEBOOK,1.1206194690265487,1008,949.21,Other
22758,LARGE PURPLE BABUSHKA NOTEBOOK,1.115625,1120,939.52,Other
22759,SET OF 3 NOTEBOOKS IN PARCEL,1.688532110091743,5197,8267.25,Other
22760,"TRAY, BREAKFAST IN BED",12.504545454545454,259,3089.85,Other
22761,CHEST 7 DRAWER MA CAMPAGNE,24.575,34,821.3,Other
22762,CUPBOARD 3 DRAWER MA CAMPAGNE,14.772988505747126,145,2070.95,Kitchen & Dining
22763,KEY CABINET MA CAMPAGNE,9.903225806451612,190,1855.6999999999998,Other
22764,"RUSTIC WOODEN CABINET, GLASS DOORS",24.95,3,74.85,Kitchen & Dining
22765,NEWSPAPER STAND,13.263333333333334,25,257.37,Other
22766,PHOTO FRAME CORNICE,2.955098468271335,3176,9277.28,Other
22767,TRIPLE PHOTO FRAME CORNICE,9.849230769230768,761,6932.83,Other
22768,FAMILY PHOTO FRAME CORNICE,9.909401709401708,836,7636.889999999999,Other
22769,CHALKBOARD KITCHEN ORGANISER,23.95,6,137.7,Other
22770,MIRROR CORNICE,14.909999999999998,83,1223.25,Other
22771,CLEAR DRAWER KNOB ACRYLIC EDWARDIAN,1.2447400611620794,5657,6803.17,Other
22772,PINK DRAWER KNOB ACRYLIC EDWARDIAN,1.2471345029239767,3269,3831.72,Other
22773,GREEN DRAWER KNOB ACRYLIC EDWARDIAN,1.2489261744966442,1840,2227.52,Other
22774,RED DRAWER KNOB ACRYLIC EDWARDIAN,1.238673469387755,1983,2292.27,Other
22775,PURPLE DRAWERKNOB ACRYLIC EDWARDIAN,1.25751677852349,2492,3017.37,Other
22776,SWEETHEART CAKESTAND 3 TIER,9.859777777777778,1115,10560.65,Home Decor
22777,GLASS BELL JAR LARGE,8.338095238095239,331,2598.45,Kitchen & Dining
22778,GLASS CLOCHE SMALL,3.87,757,2743.75,Kitchen & Dining
22779,WOODEN OWLS LIGHT GARLAND,4.18261744966443,1532,5768.6,Lighting
22780,LIGHT GARLAND BUTTERFILES PINK,4.1843939393939396,1340,5018.84,Lighting
22781,GUMBALL MAGAZINE RACK,7.702687500000001,532,3909.1400000000003,Other
22782,SET 3 WICKER STORAGE BASKETS,19.355405405405406,241,3399.95,Storage
22783,SET 3 WICKER OVAL BASKETS W LIDS,13.858125,462,5922.12,Storage
22784,LANTERN CREAM GAZEBO,4.981178707224334,1205,5676.87,Lighting
22785,SQUARECUSHION COVER PINK UNION FLAG,6.388148148148148,212,797.44,Other
22786,CUSHION COVER PINK UNION JACK,5.934864864864865,108,576.64,Other
22788,BROCANTE COAT RACK,9.81804347826087,205,1734.05,Other
22789,T-LIGHT HOLDER SWEETHEART HANGING,1.9896850393700787,822,1574.6399999999999,Lighting
22791,T-LIGHT GLASS FLUTED ANTIQUE,1.23360153256705,7264,8288.89,Lighting
22792,FLUTED ANTIQUE CANDLE HOLDER,0.865234375,2289,1867.9099999999999,Lighting
22794,SWEETHEART WIRE MAGAZINE RACK,7.94235668789809,300,2373.0,Home Decor
22795,SWEETHEART RECIPE BOOK STAND,6.686551724137931,1098,7077.900000000001,Home Decor
22796,PHOTO FRAME 3 CLASSIC HANGING,9.895794392523364,552,5357.549999999999,Other
22797,CHEST OF DRAWERS GINGHAM HEART,17.080886075949365,146,2459.04,Home Decor
22798,ANTIQUE GLASS DRESSING TABLE POT,2.9761702127659575,1642,4684.06,Kitchen & Dining
22799,SWEETHEART WIRE FRUIT BOWL,8.127215189873418,197,1489.3,Kitchen & Dining
22800,ANTIQUE TALL SWIRLGLASS TRINKET POT,3.7959420289855075,764,2813.38,Kitchen & Dining
22801,ANTIQUE GLASS PEDESTAL BOWL,3.764601226993865,887,3212.1,Kitchen & Dining
22802,FAUX FUR CHOCOLATE THROW,18.008823529411764,65,1035.75,Other
22803,IVORY EMBROIDERED QUILT,38.102000000000004,46,1715.9,Other
22804,CANDLEHOLDER PINK HANGING HEART,2.980096618357488,2858,7215.46,Lighting
22805,BLUE DRAWER KNOB ACRYLIC EDWARDIAN,1.2453278688524592,1560,1906.68,Other
22806,SET OF 6 T-LIGHTS WEDDING CAKE,2.632142857142857,243,595.6500000000001,Lighting
22807,SET OF 6 T-LIGHTS TOADSTOOLS,2.79348623853211,669,1786.1900000000003,Lighting
22808,SET OF 6 T-LIGHTS EASTER CHICKS,2.855555555555556,320,899.8000000000002,Lighting
22809,SET OF 6 T-LIGHTS SANTA,3.128742857142857,1184,3476.36,Lighting
22810,SET OF 6 T-LIGHTS SNOWMEN,3.1647826086956523,900,2768.48,Lighting
22811,SET OF 6 T-LIGHTS CACTI,3.0098214285714286,775,1987.93,Lighting
22812,PACK 3 BOXES CHRISTMAS PANNETONE,2.1433333333333335,1570,2962.8199999999997,Home Decor
22813,PACK 3 BOXES BIRD PANNETONE,2.0618181818181816,2265,4203.33,Storage
22814,CARD PARTY GAMES,0.4168421052631579,1569,628.74,Toys & Games
22815,CARD PSYCHEDELIC APPLES,0.4184070796460177,1798,742.2,Other
22816,CARD MOTORBIKE SANTA,0.41830508474576267,3402,1405.08,Other
22817,CARD SUKI BIRTHDAY,0.4180952380952381,1858,763.08,Other
22818,CARD CHRISTMAS VILLAGE,0.4192592592592593,3138,1309.32,Home Decor
22819,"BIRTHDAY CARD, RETRO SPOT",0.41857142857142854,1848,758.88,Other
22820,GIFT BAG BIRTHDAY,0.653913043478261,761,494.83000000000004,Bags & Accessories
22821,GIFT BAG PSYCHEDELIC APPLES,0.6554545454545454,822,534.6600000000001,Bags & Accessories
22822,CREAM WALL PLANTER HEART SHAPED,5.9465972222222225,416,2396.71,Home Decor
22823,CHEST NATURAL WOOD 20 DRAWERS,118.07692307692308,24,2745.0,Other
22824,3 TIER SWEETHEART GARDEN SHELF,35.67093023255814,55,1938.2500000000002,Home Decor
22825,DECORATIVE PLANT POT WITH FRIEZE,7.902,70,544.5,Home Decor
22826,LOVE SEAT ANTIQUE WHITE METAL,114.02439024390245,58,6210.0,Other
22827,RUSTIC  SEVENTEEN DRAWER SIDEBOARD,158.07692307692307,35,5415.0,Other
22828,REGENCY MIRROR WITH SHUTTERS,156.42857142857142,10,1530.0,Other
22829,SWEETHEART WIRE WALL TIDY,9.860309278350515,213,2046.85,Home Decor
22830,UTILTY CABINET WITH HOOKS,21.771666666666665,131,2610.29,Other
22831,WHITE BROCANTE SOAP DISH,2.9462264150943396,684,1960.2000000000003,Other
22832,BROCANTE SHELF WITH HOOKS,10.726811594202898,155,1645.45,Other
22833,HALL CABINET WITH 3 DRAWERS,45.635000000000005,75,2503.5299999999997,Other
22834,HAND WARMER BABUSHKA DESIGN,1.8825255972696247,4604,6118.43,Other
22835,HOT WATER BOTTLE I AM SO POORLY,4.8586390532544375,2939,13685.130000000001,Other
22837,HOT WATER BOTTLE BABUSHKA,4.62037037037037,991,4474.55,Other
22838,3 TIER CAKE TIN RED AND CREAM,14.75470588235294,652,8737.78,Other
22839,3 TIER CAKE TIN GREEN AND CREAM,14.93992700729927,362,4924.66,Other
22840,ROUND CAKE TIN VINTAGE RED,7.92104,888,6576.88,Other
22841,ROUND CAKE TIN VINTAGE GREEN,7.958844221105528,515,3887.53,Other
22842,BISCUIT TIN VINTAGE RED,6.640410958904109,572,3609.8,Other
22843,BISCUIT TIN VINTAGE GREEN,6.693684210526317,433,2685.13,Other
22844,VINTAGE CREAM DOG FOOD CONTAINER,8.53778156996587,823,6753.85,Other
22845,VINTAGE CREAM CAT FOOD CONTAINER,6.380550847457627,703,4201.74,Other
22846,BREAD BIN DINER STYLE RED,16.34538152610442,626,9597.31,Other
22847,BREAD BIN DINER STYLE IVORY,16.523333333333333,851,13191.689999999999,Other
22848,BREAD BIN DINER STYLE PINK,16.20882882882883,301,4581.4,Other
22849,BREAD BIN DINER STYLE MINT,16.24983193277311,306,4672.46,Other
22851,SET 20 NAPKINS FAIRY CAKES DESIGN,0.863448275862069,2601,2141.43,Other
22852,DOG BOWL VINTAGE CREAM,4.248796296296296,354,1507.92,Kitchen & Dining
22853,CAT BOWL VINTAGE CREAM,3.247029702970297,431,1396.95,Kitchen & Dining
22854,CREAM SWEETHEART EGG HOLDER,4.917114093959731,750,3547.3,Home Decor
22855,FINE WICKER HEART,1.2351396648044692,2506,2982.02,Home Decor
22856,ASSORTED EASTER DECORATIONS  BELLS,1.2413636363636362,564,650.28,Home Decor
22857,ASSORTED EASTER GIFT TAGS,0.8455172413793103,1142,933.26,Home Decor
22858,EASTER TIN KEEPSAKE,1.6445945945945943,1078,1713.8999999999999,Home Decor
22859,EASTER TIN BUNNY BOUQUET,1.6453488372093024,1144,1822.8,Home Decor
22860,EASTER TIN CHICKS PINK DAISY,1.65,560,924.0,Home Decor
22861,EASTER TIN CHICKS IN GARDEN,1.65,292,481.8,Home Decor
22862,LOVE HEART NAPKIN BOX,4.25,139,590.75,Home Decor
22863,SOAP DISH BROCANTE,2.928494623655914,691,1942.45,Other
22865,HAND WARMER OWL DESIGN,2.1128938356164384,8056,16113.730000000001,Other
22866,HAND WARMER SCOTTY DOG DESIGN,2.088904958677686,6097,12204.660000000002,Other
22867,HAND WARMER BIRD DESIGN,2.1101871101871104,5993,12064.630000000001,Other
22868,NUMBER TILE COTTAGE GARDEN 0,1.95,53,103.35,Other
22869,NUMBER TILE COTTAGE GARDEN 1,1.95,69,134.54999999999998,Other
22870,NUMBER TILE COTTAGE GARDEN 2,1.95,66,128.7,Other
22871,NUMBER TILE COTTAGE GARDEN 3,1.95,52,101.39999999999999,Other
22872,NUMBER TILE COTTAGE GARDEN 4,1.9499999999999997,55,107.25,Other
22873,NUMBER TILE COTTAGE GARDEN 5,1.9499999999999997,47,91.64999999999999,Other
22874,NUMBER TILE COTTAGE GARDEN 6,1.95,54,105.3,Other
22875,NUMBER TILE COTTAGE GARDEN 7,1.95,51,99.45,Other
22876,NUMBER TILE COTTAGE GARDEN 8,1.95,52,101.39999999999999,Other
22877,NUMBER TILE COTTAGE GARDEN 9,1.9499999999999997,56,109.2,Other
22878,NUMBER TILE COTTAGE GARDEN No,2.1,52,109.2,Other
22879,NUMBER TILE VINTAGE FONT 0,1.595,62,69.34,Other
22880,NUMBER TILE VINTAGE FONT 1,1.6918181818181817,70,84.94,Other
22881,NUMBER TILE VINTAGE FONT 2,1.7315384615384615,79,102.49,Other
22882,NUMBER TILE VINTAGE FONT 3,1.8079999999999998,83,110.28999999999999,Other
22883,NUMBER TILE VINTAGE FONT 4,1.6918181818181817,78,100.53999999999999,Other
22884,NUMBER TILE VINTAGE FONT 5,1.7725,75,94.69,Other
22885,NUMBER TILE VINTAGE FONT 6,1.7133333333333332,79,102.49,Other
22886,NUMBER TILE VINTAGE FONT 7,1.7315384615384615,74,92.74,Other
22887,NUMBER TILE VINTAGE FONT 8,1.6918181818181817,66,77.14,Other
22888,NUMBER TILE VINTAGE FONT 9,1.595,63,71.28999999999999,Other
22889,NUMBER TILE VINTAGE FONT No,1.7242857142857144,143,156.18,Other
22890,NOVELTY BISCUITS CAKE STAND 3 TIER,10.00847222222222,360,3445.4199999999996,Other
22891,TEA FOR ONE POLKADOT,4.628846153846154,341,1502.01,Other
22892,SET OF SALT AND PEPPER TOADSTOOLS,1.2451530612244899,2455,3000.35,Other
22893,MINI CAKE STAND T-LIGHT HOLDER,0.41727272727272724,1464,591.84,Lighting
22894,TABLECLOTH RED APPLES DESIGN,9.696363636363635,291,2821.95,Other
22895,SET OF 2 TEA TOWELS APPLE AND PEARS,3.1868333333333334,1975,5839.59,Other
22896,PEG BAG APPLES DESIGN,2.5926457399103136,1490,3546.37,Bags & Accessories
22897,OVEN MITT APPLES DESIGN,1.549421965317919,1296,1847.76,Other
22898,CHILDRENS APRON APPLES DESIGN,1.946774193548387,2189,4097.45,Other
22899,CHILDREN'S APRON DOLLY GIRL,2.1264367816091956,1981,3984.78,Toys & Games
22900,SET 2 TEA TOWELS I LOVE LONDON,3.122936507936508,4568,13030.7,Other
22902,TOTE BAG I LOVE LONDON,2.052021276595745,1204,2289.78,Bags & Accessories
22903,CALENDAR FAMILY FAVOURITES,2.7590625,153,427.43,Other
22904,CALENDAR PAPER CUT DESIGN,2.977510548523207,1764,5060.84,Other
22905,CALENDAR IN SEASON DESIGN,2.7483823529411766,477,1222.54,Other
22906,12 MESSAGE CARDS WITH ENVELOPES,1.6417525773195876,1621,2578.65,Other
22907,PACK OF 20 NAPKINS PANTRY DESIGN,0.8506498194945848,6088,4954.42,Other
22908,PACK OF 20 NAPKINS RED APPLES,0.84778125,4229,3326.39,Other
22909,SET OF 20 VINTAGE CHRISTMAS NAPKINS,0.8453585657370518,8111,6520.91,Home Decor
22910,PAPER CHAIN KIT VINTAGE CHRISTMAS,2.9364022662889515,9423,25639.77,Home Decor
22911,PAPER CHAIN KIT LONDON,2.975185185185185,437,1243.99,Other
22912,YELLOW COAT RACK PARIS FASHION,4.9326373626373625,270,1222.74,Other
22913,RED COAT RACK PARIS FASHION,4.926,327,1479.69,Other
22914,BLUE COAT RACK PARIS FASHION,4.933111111111112,427,1974.69,Other
22915,ASSORTED BOTTLE TOP  MAGNETS,0.39932835820895524,2928,1104.3600000000001,Other
22916,HERB MARKER THYME,0.649476439790576,1816,1168.4,Other
22917,HERB MARKER ROSEMARY,0.649476439790576,1851,1191.15,Other
22918,HERB MARKER PARSLEY,0.6489473684210527,1771,1119.15,Other
22919,HERB MARKER MINT,0.6494845360824743,1665,1070.25,Other
22920,HERB MARKER BASIL,0.6489473684210527,3325,1997.7500000000002,Other
22921,HERB MARKER CHIVES,0.6494011976047904,1643,1055.95,Other
22922,FRIDGE MAGNETS US DINER ASSORTED,0.8563636363636363,1482,1226.3999999999999,Other
22923,FRIDGE MAGNETS LES ENFANTS ASSORTED,0.8448,1269,1031.85,Other
22924,FRIDGE MAGNETS LA VIE EN ROSE,0.8464864864864865,1170,963.3,Other
22925,BLUE GIANT GARDEN THERMOMETER,5.9838036809815955,426,2511.7200000000003,Other
22926,IVORY GIANT GARDEN THERMOMETER,5.939071038251367,566,3295.7000000000003,Other
22927,GREEN GIANT GARDEN THERMOMETER,5.934496124031008,395,2278.25,Other
22928,YELLOW GIANT GARDEN THERMOMETER,6.382499999999999,251,1535.5700000000002,Other
22929,SCHOOL DESK AND CHAIR,63.91538461538461,19,1199.75,Other
22930,BAKING MOULD HEART MILK CHOCOLATE,2.5655479452054792,1040,2513.12,Home Decor
22931,BAKING MOULD HEART WHITE CHOCOLATE,2.5514414414414412,792,1873.51,Home Decor
22932,BAKING MOULD TOFFEE CUP CHOCOLATE,2.5007812499999997,872,1950.9,Kitchen & Dining
22933,BAKING MOULD EASTER EGG MILK CHOC,2.922826086956522,876,2272.2000000000003,Home Decor
22934,BAKING MOULD EASTER EGG WHITE CHOC,2.9152173913043478,560,1527.2,Home Decor
22935,BAKING MOULD ROSE MILK CHOCOLATE,3.1634615384615383,673,1964.25,Other
22936,BAKING MOULD ROSE WHITE CHOCOLATE,3.3037142857142854,258,766.88,Other
22937,BAKING MOULD CHOCOLATE CUPCAKES,2.6128776978417267,939,2420.09,Kitchen & Dining
22938,CUPCAKE LACE PAPER SET 6,1.9417441860465117,2321,4355.33,Kitchen & Dining
22939,APRON APPLE DELIGHT,5.279803921568627,446,2178.58,Lighting
22940,FELTCRAFT CHRISTMAS FAIRY,4.353571428571429,1881,7658.93,Home Decor
22941,CHRISTMAS LIGHTS 10 REINDEER,8.447233201581028,1570,12133.0,Lighting
22942,CHRISTMAS LIGHTS 10 SANTAS,7.437786259541985,580,4100.25,Lighting
22943,CHRISTMAS LIGHTS 10 VINTAGE BAUBLES,4.97062893081761,1274,5939.280000000001,Lighting
22944,CHRISTMAS METAL POSTCARD WITH BELLS,0.519,2704,1125.94,Home Decor
22945,CHRISTMAS METAL TAGS ASSORTED,0.8922302158273381,2857,2395.93,Home Decor
22946,WOODEN ADVENT CALENDAR CREAM,16.319444444444443,369,5323.05,Other
22947,WOODEN ADVENT CALENDAR RED,10.323076923076922,536,5047.6,Other
22948,METAL DECORATION NAUGHTY CHILDREN,0.9241346153846154,1454,1284.86,Home Decor
22949,36 DOILIES DOLLY GIRL,1.45,935,1355.75,Toys & Games
22950,36 DOILIES VINTAGE CHRISTMAS,1.4367469879518073,5179,7043.95,Home Decor
22951,60 CAKE CASES DOLLY GIRL DESIGN,0.5632033426183845,7211,3735.61,Toys & Games
22952,60 CAKE CASES VINTAGE CHRISTMAS,0.5424166666666667,14736,7418.4,Home Decor
22953,BIRTHDAY PARTY CORDON BARRIER TAPE,1.2791566265060241,460,578.63,Other
22954,HEN PARTY CORDON BARRIER TAPE,1.25,160,200.0,Other
22955,36 FOIL STAR CAKE CASES,2.0110185185185183,997,1912.3400000000001,Other
22956,36 FOIL HEART CAKE CASES,2.0497109826589597,1998,3814.3700000000003,Home Decor
22957,SET 3 PAPER VINTAGE CHICK PAPER EGG,2.92979797979798,1746,4872.3,Other
22959,WRAP CHRISTMAS VILLAGE,0.4184285714285714,4876,2003.92,Home Decor
22960,JAM MAKING SET WITH JARS,4.18311717861206,8140,32616.22,Other
22961,JAM MAKING SET PRINTED,1.4717126436781607,15039,21147.55,Other
22962,JAM JAR WITH PINK LID,0.8457723577235773,3675,2947.47,Other
22963,JAM JAR WITH GREEN LID,0.845047619047619,3070,2451.16,Other
22964,3 PIECE SPACEBOY COOKIE CUTTER SET,2.134046822742475,2510,5026.240000000001,Other
22965,3 TRADITIONAL COOKIE CUTTERS  SET,2.1257971014492756,1316,2722.2200000000003,Other
22966,GINGERBREAD MAN COOKIE CUTTER,1.2614159292035398,7196,8615.13,Other
22967,SET 3 SONG BIRD PAPER EGGS ASSORTED,2.9286259541984734,1159,3224.65,Other
22968,ROSE COTTAGE KEEPSAKE BOX,9.718402777777776,728,6565.0,Storage
22969,HOMEMADE JAM SCENTED CANDLES,1.4507335907335908,12080,17504.2,Lighting
22970,LONDON BUS COFFEE MUG,2.4917266187050355,4213,9582.15,Kitchen & Dining
22971,QUEENS GUARD COFFEE MUG,2.5219574468085106,2365,5603.570000000001,Kitchen & Dining
22972,CHILDREN'S SPACEBOY MUG,1.6535359116022097,1712,2785.76,Kitchen & Dining
22973,CHILDREN'S CIRCUS PARADE MUG,1.6723423423423422,1186,1914.58,Kitchen & Dining
22974,CHILDRENS DOLLY GIRL MUG,1.6864556962025314,1514,2443.14,Kitchen & Dining
22975,SPACEBOY CHILDRENS EGG CUP,1.2752083333333333,1118,1405.97,Kitchen & Dining
22976,CIRCUS PARADE CHILDRENS EGG CUP,1.26070796460177,1022,1282.34,Kitchen & Dining
22977,DOLLY GIRL CHILDRENS EGG CUP,1.2608035714285715,904,1131.21,Kitchen & Dining
22978,PANTRY ROLLING PIN,3.752284263959391,2406,9180.53,Other
22979,PANTRY WASHING UP BRUSH,1.4965686274509804,3913,5785.71,Other
22980,PANTRY SCRUBBING BRUSH,1.674590163934426,2286,3656.94,Other
22981,PANTRY APPLE CORER,1.4473333333333334,435,601.9499999999999,Other
22982,PANTRY PASTRY BRUSH,1.3150000000000002,1044,1307.05,Other
22983,CARD BILLBOARD FONT,0.42737951807228913,5026,2067.75,Other
22984,CARD GINGHAM ROSE,0.42157142857142854,2654,1063.66,Other
22985,"WRAP, BILLBOARD FONTS DESIGN",0.4183333333333333,3750,1487.0,Other
22986,GINGHAM ROSE WRAP,0.41961038961038966,4101,1710.42,Other
22987,WRAP SUMMER ROSE DESIGN,0.42,100,42.0,Other
22988,SOLDIERS EGG CUP,1.2576060606060606,8757,10070.22,Kitchen & Dining
22989,SET 2 PANTRY DESIGN TEA TOWELS,3.2294637223974765,2693,8310.17,Other
22990,COTTON APRON PANTRY DESIGN,4.760140845070423,602,2670.54,Other
22991,GIRAFFE WOODEN RULER,2.0506694560669456,3708,6816.84,Other
22992,REVOLVER WOODEN RULER,1.9620819112627985,4914,8944.439999999999,Other
22993,SET OF 4 PANTRY JELLY MOULDS,1.2570034052213395,11769,14151.42,Other
22994,TRAVEL CARD WALLET RETROSPOT,0.4196273291925466,2104,882.24,Bags & Accessories
22995,TRAVEL CARD WALLET SUKI,0.4193513513513513,2228,932.88,Bags & Accessories
22996,TRAVEL CARD WALLET VINTAGE TICKET,0.4193959731543624,4540,1875.12,Bags & Accessories
22997,TRAVEL CARD WALLET UNION JACK,0.41967032967032963,2477,1038.9,Bags & Accessories
22998,TRAVEL CARD WALLET KEEP CALM,0.42781818181818176,11645,4641.32,Bags & Accessories
22999,TRAVEL CARD WALLET RETRO PETALS,0.41968085106382974,2809,1178.34,Bags & Accessories
23000,TRAVEL CARD WALLET TRANSPORT,0.41970873786407764,3042,1274.76,Bags & Accessories
23002,TRAVEL CARD WALLET SKULLS,0.41957746478873237,2052,860.4,Bags & Accessories
23003,TRAVEL CARD WALLET VINTAGE ROSE,0.41886792452830185,541,225.78,Bags & Accessories
23004,TRAVEL CARD WALLET PANTRY,0.42976190476190473,1853,779.9,Bags & Accessories
23005,TRAVEL CARD WALLET I LOVE LONDON,0.4193258426966292,4346,1767.72,Bags & Accessories
23006,TRAVEL CARD WALLET FLOWER MEADOW,0.4195384615384615,1693,709.62,Bags & Accessories
23007,SPACEBOY BABY GIFT SET,16.513380281690143,449,7048.549999999999,Other
23008,DOLLY GIRL BABY GIFT SET,16.416666666666668,419,6534.049999999999,Toys & Games
23009,I LOVE LONDON BABY GIFT SET,16.425409836065572,209,3262.5499999999997,Other
23010,CIRCUS PARADE BABY GIFT SET,16.47808988764045,285,4444.75,Other
23012,GLASS APOTHECARY BOTTLE PERFUME,3.8817000000000004,1014,3763.6400000000003,Kitchen & Dining
23013,GLASS APOTHECARY BOTTLE TONIC,3.885580110497238,865,3211.09,Kitchen & Dining
23014,GLASS APOTHECARY BOTTLE ELIXIR,3.9079012345679014,798,2951.78,Kitchen & Dining
23015,CORDIAL GLASS JUG,8.25,36,297.0,Kitchen & Dining
23016,GLASS TWIST BON BON JAR,7.723684210526316,69,512.85,Kitchen & Dining
23017,APOTHECARY MEASURING JAR,12.178571428571429,64,751.4000000000001,Other
23018,LARGE APOTHECARY MEASURING JAR,12.2975,50,587.2,Other
23019,SMALL APOTHECARY MEASURING JAR,8.078571428571427,81,629.05,Other
23020,GLASS  SONGBIRD STORAGE JAR,12.33125,176,2092.0,Kitchen & Dining
23021,GLASS BONNE JAM JAR,4.134,117,475.95000000000005,Kitchen & Dining
23022,SMALL BONNE JAM JAR  T-LIGHT HOLDER,2.0295652173913044,416,795.6800000000001,Lighting
23023,RIDGED BONNE JAM JAR T-LIGHT HOLDER,1.7039130434782608,260,411.44,Lighting
23024,LARGE BONNE JAM JAR  T-LIGHT HOLDER,2.73,254,662.0600000000001,Lighting
23025,DRAWER KNOB VINTAGE GLASS BALL,2.1245652173913046,317,669.61,Kitchen & Dining
23026,DRAWER KNOB VINTAGE GLASS STAR,2.106727272727273,503,1016.97,Kitchen & Dining
23027,DRAWER KNOB VINTAGE GLASS HEXAGON,2.08,287,596.96,Kitchen & Dining
23028,DRAWER KNOB CRACKLE GLAZE BLUE,1.6590434782608694,1241,1990.29,Other
23029,DRAWER KNOB CRACKLE GLAZE GREEN,1.6471014492753622,1284,2080.2,Other
23031,DRAWER KNOB CRACKLE GLAZE PINK,1.6471014492753622,1228,1987.8,Other
23032,DRAWER KNOB CRACKLE GLAZE IVORY,1.6446236559139784,2250,3606.9,Other
23033,DRAWER KNOB CERAMIC RED,1.4398305084745764,679,943.75,Other
23034,DRAWER KNOB CERAMIC BLACK,1.4425,935,1314.95,Other
23035,DRAWER KNOB CERAMIC IVORY,1.4538323353293412,2071,2915.5899999999997,Other
23036,T-LIGHT HOLDER SILVER PETIT FOUR,1.25,182,227.5,Lighting
23037,CANDLE HOLDER SILVER MADELINE,1.7299999999999998,193,315.29,Lighting
23038,T-LIGHT HOLDER SILVER SAUCER,1.2299999999999998,41,38.03,Lighting
23039,T-LIGHT HOLDER SILVER HEART HANDLE,1.9369565217391302,192,370.79999999999995,Lighting
23040,PAPER LANTERN 9 POINT SNOW STAR,5.728947368421053,246,1318.5,Lighting
23041,PAPER LANTERN 9 POINT SNOW STAR,4.15,260,1079.0,Lighting
23042,PAPER LANTERN 7 POINT SNOW STAR,6.65,99,658.35,Lighting
23043,PAPER LANTERN 9 POINT HOLLY STAR 40,6.25,75,468.75,Lighting
23044,PAPER LANTERN 9 POINT HOLLY STAR S,4.15,100,415.0,Lighting
23045,PAPER LANTERN 5 POINT STAR MOON 30,4.15,116,481.40000000000003,Lighting
23046,PAPER LANTERN 9 POINT DELUXE STAR,6.623529411764706,347,2091.55,Lighting
23047,PAPER LANTERN 5 POINT SEQUIN STAR,5.75,58,333.5,Lighting
23048,SET OF 10 LANTERNS FAIRY LIGHT STAR,4.192500000000001,560,2248.14,Lighting
23049,RECYCLED ACAPULCO MAT RED,8.24526627218935,435,3572.75,Other
23050,RECYCLED ACAPULCO MAT GREEN,8.240909090909092,459,3763.55,Other
23051,RECYCLED ACAPULCO MAT BLUE,8.237969924812031,335,2741.35,Other
23052,RECYCLED ACAPULCO MAT TURQUOISE,8.246380090497738,571,4694.75,Other
23053,RECYCLED ACAPULCO MAT PINK,8.231395348837209,318,2589.9,Other
23054,RECYCLED ACAPULCO MAT LAVENDER,8.242660550458716,266,2189.7,Other
23055,IVORY CHANDELIER T-LIGHT HOLDER,5.562894736842105,560,1286.72,Lighting
23056,FLOWERS CHANDELIER T-LIGHT HOLDER,6.155526315789474,866,2789.66,Lighting
23057,GEMSTONE CHANDELIER T-LIGHT HOLDER,4.576585365853659,674,1646.14,Lighting
23058,CHRISTMAS HANGING SNOWFLAKE,1.1129545454545455,486,421.02000000000004,Home Decor
23060,HEART BEADED TRELLIS DECORATION,2.08,244,507.52000000000004,Home Decor
23061,VINTAGE EMBOSSED HEART,1.2476136363636365,946,1177.46,Home Decor
23064,CINDERELLA CHANDELIER,43.01136363636363,220,3617.6000000000004,Other
23065,LARGE DECO JEWELLERY STAND,12.470652173913043,256,3102.8,Other
23066,SMALL DECO JEWELLERY STAND,8.228947368421052,245,1963.65,Other
23067,HANGING ENGRAVED METAL HEART,4.15,274,1137.1000000000001,Home Decor
23068,ALUMINIUM STAMPED HEART,2.4775757575757575,801,1927.2500000000002,Home Decor
23069,EDWARDIAN PHOTO FRAME,6.25,87,543.75,Other
23070,EDWARDIAN HEART PHOTO FRAME,4.15,147,610.0500000000001,Home Decor
23071,MARIE ANTOIENETT TRINKET BOX GOLD,10.31388888888889,313,1180.1,Storage
23072,MARIE ANTOINETTE TRINKET BOX SILVER,10.772727272727273,326,1099.0,Storage
23073,GEORGIAN TRINKET BOX,12.408474576271187,141,1681.5,Storage
23074,EMBOSSED HEART TRINKET BOX,2.0634285714285716,221,444.02000000000004,Home Decor
23075,DOUBLE CERAMIC PARLOUR HOOK,4.144805194805195,465,1910.55,Other
23076,ICE CREAM SUNDAE LIP GLOSS,1.2449193548387096,7896,9638.16,Other
23077,DOUGHNUT LIP GLOSS,1.241818181818182,9642,11615.7,Other
23078,ICE CREAM PEN LIP GLOSS,1.2450704225352112,6607,8077.31,Other
23079,TOADSTOOL BEDSIDE LIGHT,8.936666666666666,248,2198.6,Lighting
23080,RED METAL BOX TOP SECRET,8.358977777777778,998,7920.78,Storage
23081,GREEN METAL BOX ARMY SUPPLIES,8.337043478260869,453,3606.39,Storage
23082,SET 6 PAPER TABLE LANTERN HEARTS,3.722639405204461,2260,8110.68,Lighting
23083,SET 6 PAPER TABLE LANTERN STARS,3.761132075471698,1859,6735.88,Lighting
23084,RABBIT NIGHT LIGHT,2.0127703523693805,27153,51251.24,Lighting
23085,ANTIQUE SILVER BAUBLE LAMP,10.069230769230769,369,3437.7000000000003,Lighting
23086,ZINC  STAR T-LIGHT HOLDER,1.2325,1191,1367.79,Lighting
23087,ZINC  HEART T-LIGHT HOLDER,1.237142857142857,830,997.1800000000001,Lighting
23088,ZINC HEART FLOWER T-LIGHT HOLDER,1.306315789473684,760,947.18,Lighting
23089,GLASS BON BON JAR,1.7758394160583941,2135,3495.27,Kitchen & Dining
23090,VINTAGE GLASS T-LIGHT HOLDER,0.8575999999999999,2129,1722.7900000000002,Lighting
23091,ZINC HERB GARDEN CONTAINER,6.287616580310881,559,3419.5,Other
23092,LARGE ANTIQUE WHITE PHOTO FRAME,7.80144,507,3568.26,Other
23093,SMALL PARISIENNE HEART PHOTO FRAME,2.472845528455285,915,2122.67,Home Decor
23094,LE GRAND TRAY CHIC SET,12.5,147,1837.5,Other
23096,PETIT TRAY CHIC,1.728974358974359,993,1606.73,Other
23099,FRENCH CARRIAGE LANTERN,6.584545454545455,132,858.9000000000001,Lighting
23100,SILVER BELLS TABLE DECORATION,1.246164383561644,2090,2562.1,Home Decor
23101,SILVER STARS TABLE DECORATION,0.8265445026178011,1942,1569.6200000000001,Home Decor
23102,SILVER HEARTS TABLE DECORATION,0.8268794326241135,1231,995.33,Home Decor
23103,BELL HEART DECORATION,1.6475535168195719,3931,6442.95,Home Decor
23104,IVORY PANTRY HANGING LAMP,12.30909090909091,116,1355.5,Lighting
23106,ZINC HEARTS PLANT POT HOLDER,2.772,283,769.27,Home Decor
23107,WHITE WIRE PLANT POT HOLDER,2.7391803278688527,340,919.8000000000001,Other
23108,SET OF 10 LED DOLLY LIGHTS,6.147840909090909,2192,12972.73,Lighting
23109,LED TEA LIGHTS,2.904655172413793,2310,6484.9,Lighting
23110,PARISIENNE KEY CABINET,5.713636363636364,662,3673.7,Other
23111,PARISIENNE SEWING BOX,12.281600000000001,296,3464.8,Storage
23112,PARISIENNE CURIO CABINET,7.453551912568306,471,3437.3,Other
23113,PANTRY CHOPPING BOARD,4.92,1138,5695.860000000001,Other
23114,VINTAGE LEAF CHOPPING BOARD,4.930487804878049,144,684.0,Other
23115,RED APPLES CHOPPING BOARD,4.928947368421053,144,684.0,Other
23116,VEGETABLE GARDEN CHOPPING BOARD,4.902941176470589,70,317.70000000000005,Other
23117,POPPY FIELDS CHOPPING BOARD,4.95,85,420.75,Other
23118,PARISIENNE JEWELLERY DRAWER,7.4600888888888885,765,5399.02,Other
23119,PACK OF 6 LARGE FRUIT STRAWS,0.6479310344827586,2155,1275.71,Other
23120,PACK OF 6 SMALL FRUIT STRAWS,0.41857142857142854,1617,644.58,Other
23121,PACK OF 6 COCKTAIL PARASOL STRAWS,0.41608695652173916,2460,958.32,Other
23122,PARTY CHARMS 50 PIECES,0.8202061855670103,2091,1552.65,Other
23123,COCKTAIL SWORDS 50 PIECES,0.8235294117647058,899,705.2500000000001,Other
23124,18PC WOODEN CUTLERY SET DISPOSABLE,1.24125,503,595.15,Other
23125,6PC WOOD PLATE SET DISPOSABLE,1.236875,405,443.25,Kitchen & Dining
23126,DOLLCRAFT GIRL AMELIE KIT,5.0150549450549455,1084,5272.28,Toys & Games
23127,DOLLCRAFT GIRL NICOLE,4.968695652173913,713,3506.3900000000003,Toys & Games
23128,FELTCRAFT BOY JEAN-PAUL KIT,4.970697674418605,431,2085.13,Other
23129,HEART SHAPED HOLLY WREATH,4.418727272727273,942,3933.1800000000003,Home Decor
23130,MISTLETOE HEART WREATH GREEN,4.234790419161677,918,3748.42,Home Decor
23131,MISTLETOE HEART WREATH CREAM,4.207614678899083,893,3632.63,Home Decor
23132,SMALL IVORY HEART WALL ORGANISER,5.735531914893618,1008,4989.08,Home Decor
23133,LARGE IVORY HEART WALL ORGANISER,7.992164179104478,759,5142.91,Home Decor
23134,LARGE ZINC HEART WALL ORGANISER,7.6710810810810806,1064,6414.48,Home Decor
23135,SMALL ZINC HEART WALL ORGANISER,5.191190476190476,1538,5378.8,Home Decor
23136,IVORY WIRE SWEETHEART LETTER TRAY,3.7290909090909095,127,467.05,Home Decor
23137,ZINC WIRE SWEETHEART LETTER TRAY,3.4539999999999997,80,253.24,Home Decor
23138,SINGLE WIRE HOOK IVORY HEART,1.4448051948051948,870,1201.8999999999999,Home Decor
23139,SINGLE WIRE HOOK PINK HEART,1.2482608695652175,406,502.38,Home Decor
23140,TRIPLE WIRE HOOK IVORY HEART,4.256857142857143,160,658.54,Home Decor
23141,TRIPLE WIRE HOOK PINK HEART,3.5900000000000003,68,215.0,Home Decor
23142,IVORY WIRE KITCHEN ORGANISER,10.330555555555556,116,1137.65,Other
23143,ZINC WIRE KITCHEN ORGANISER,7.175000000000001,25,156.8,Other
23144,ZINC T-LIGHT HOLDER STARS SMALL,0.8369747899159663,4894,3879.98,Lighting
23145,ZINC T-LIGHT HOLDER STAR LARGE,0.960728476821192,2054,1919.3400000000001,Lighting
23146,TRIPLE HOOK ANTIQUE IVORY ROSE,3.2825233644859817,778,2526.02,Other
23147,SINGLE ANTIQUE ROSE HOOK IVORY,1.4492125984251967,1843,2669.95,Other
23148,MINIATURE ANTIQUE ROSE HOOK IVORY,0.8299585062240663,2113,1752.3500000000001,Other
23149,ANTIQUE IVORY WIRE BOWL SMALL,2.49,97,241.53,Kitchen & Dining
23150,IVORY SWEETHEART SOAP DISH,2.49,139,346.11,Home Decor
23151,ZINC SWEETHEART SOAP DISH,1.953157894736842,59,104.41,Home Decor
23152,IVORY SWEETHEART WIRE LETTER RACK,3.7428,541,1998.51,Home Decor
23153,ZINC SWEETHEART WIRE LETTER RACK,3.7883333333333336,248,923.63,Home Decor
23154,SET OF 4 JAM JAR MAGNETS,2.0809589041095893,2441,4922.01,Other
23155,KNICKERBOCKERGLORY MAGNET ASSORTED,0.8220720720720721,2094,1669.38,Other
23156,SET OF 5 MINI GROCERY MAGNETS,2.0946236559139786,1631,3297.2200000000003,Other
23157,SET OF 6 NATIVITY MAGNETS,2.150794701986755,2530,5031.55,Other
23158,SET OF 5 LUCKY CAT MAGNETS,2.167593582887701,2536,5117.32,Other
23159,SET OF 5 PANCAKE DAY MAGNETS,2.0822448979591837,2255,4562.7300000000005,Other
23160,REGENCY TEA SPOON,1.2289999999999999,1392,1651.8,Other
23161,REGENCY CAKE FORK,1.2283823529411766,1608,1896.6,Other
23162,REGENCY TEA STRAINER,3.7471830985915493,1362,4789.24,Other
23163,REGENCY SUGAR TONGS,2.4349253731343286,1714,3949.7000000000003,Other
23164,REGENCY CAKE SLICE,4.922625,564,2579.21,Other
23165,LARGE CERAMIC TOP STORAGE JAR,1.6319819819819819,2950,4617.9,Storage
23166,MEDIUM CERAMIC TOP STORAGE JAR,1.2203030303030302,77916,81416.73000000001,Storage
23167,SMALL CERAMIC TOP STORAGE JAR,0.8270652173913042,5666,4184.18,Storage
23168,CLASSIC SUGAR DISPENSER,1.228018018018018,2849,3284.42,Other
23169,CLASSIC GLASS SWEET JAR,4.113498098859316,1451,5829.65,Kitchen & Dining
23170,REGENCY TEA PLATE ROSES,1.657560975609756,6563,10170.99,Kitchen & Dining
23171,REGENCY TEA PLATE GREEN,1.6725830258302583,5966,9184.9,Kitchen & Dining
23172,REGENCY TEA PLATE PINK,1.6405357142857142,3688,5793.28,Kitchen & Dining
23173,REGENCY TEAPOT ROSES,9.70313725490196,2662,23033.52,Other
23174,REGENCY SUGAR BOWL GREEN,4.126641791044777,2954,11567.24,Kitchen & Dining
23175,REGENCY MILK JUG PINK,3.1948529411764706,3062,8995.0,Other
23176,ABC TREASURE BOOK BOX,2.2636898395721925,2088,4373.26,Storage
23177,TREASURE ISLAND BOOK BOX,2.241705069124424,2428,5029.8,Storage
23178,JAM CLOCK MAGNET,2.8387272727272728,309,838.47,Other
23179,CLOCK MAGNET MUM'S KITCHEN,2.9330000000000003,304,837.88,Other
23180,MUM'S KITCHEN CLOCK,4.766666666666667,104,471.90000000000003,Other
23181,BULL DOG BOTTLE TOP WALL CLOCK,8.184782608695652,185,1484.25,Other
23182,TOILET SIGN OCCUPIED OR VACANT,0.8792635658914728,3378,2807.69,Kitchen & Dining
23183,MOTHER'S KITCHEN SPOON REST,4.056610169491526,178,690.71,Other
23184,BULL DOG BOTTLE OPENER,5.097939698492462,778,3749.5,Other
23185,FRENCH STYLE STORAGE JAR JAM,0.3516129032258064,317,114.85,Storage
23186,FRENCH STYLE STORAGE JAR CAFE,0.3409859154929577,1982,819.4599999999999,Storage
23187,FRENCH STYLE STORAGE JAR BONBONS,0.3154666666666667,2338,695.06,Storage
23188,VINTAGE  2 METER FOLDING RULER,1.705944055944056,3096,5100.16,Other
23189,SET OF 12 FORK CANDLES,2.858421052631579,1215,3319.35,Lighting
23190,BUNDLE OF 3 SCHOOL EXERCISE BOOKS,1.6513333333333333,1678,2691.14,Other
23191,BUNDLE OF 3 RETRO NOTE BOOKS,1.6754980079681272,2159,3492.35,Other
23192,BUNDLE OF 3 ALPHABET EXERCISE BOOKS,1.6541509433962263,3269,5197.17,Other
23193,BUFFALO BILL TREASURE BOOK BOX,2.265912408759124,1847,3750.57,Storage
23194,GYMKHANNA TREASURE BOOK BOX,2.249884393063584,1750,3679.67,Storage
23196,RETRO LEAVES MAGNETIC NOTEPAD,1.444142259414226,1756,2479.0,Other
23197,SKETCHBOOK MAGNETIC SHOPPING LIST,1.5423913043478261,1354,1950.74,Other
23198,PANTRY MAGNETIC  SHOPPING LIST,1.4806544502617802,3063,4341.19,Other
23199,JUMBO BAG APPLES,2.0620027624309394,13875,26426.3,Bags & Accessories
23200,JUMBO BAG PEARS,2.0720718816067656,6729,13034.92,Bags & Accessories
23201,JUMBO BAG ALPHABET,2.0582430647291945,12533,24160.44,Bags & Accessories
23202,JUMBO BAG VINTAGE LEAF,2.078562259306804,10695,20921.55,Bags & Accessories
23203,JUMBO BAG DOILEY PATTERNS,2.055206232813932,19498,37646.94,Bags & Accessories
23204,CHARLOTTE BAG APPLES DESIGN,0.8429976580796252,7039,5632.15,Bags & Accessories
23205,CHARLOTTE BAG VINTAGE ALPHABET,0.8518731988472622,5150,4105.0199999999995,Bags & Accessories
23206,LUNCH BAG APPLE DESIGN,1.6413439635535307,11530,18220.5,Bags & Accessories
23207,LUNCH BAG ALPHABET DESIGN,1.652969696969697,7533,11994.41,Bags & Accessories
23208,LUNCH BAG VINTAGE LEAF DESIGN,1.6450331125827813,6191,9950.35,Bags & Accessories
23209,LUNCH BAG DOILEY PATTERN,1.6463529411764706,12985,20786.21,Bags & Accessories
23210,WHITE ROCKING HORSE HAND PAINTED,1.2435975609756096,2750,3311.5,Other
23211,RED ROCKING HORSE HAND PAINTED,1.2411016949152542,2206,2631.5,Other
23212,HEART WREATH DECORATION WITH BELL,1.2388,2175,2577.63,Home Decor
23213,STAR WREATH DECORATION WITH BELL,1.2432258064516128,1594,1921.94,Home Decor
23214,JINGLE BELL HEART ANTIQUE GOLD,2.1870967741935483,772,1624.83,Home Decor
23215,JINGLE BELL HEART ANTIQUE SILVER,2.14015,3544,6955.8,Home Decor
23216,LAUREL HEART ANTIQUE GOLD,1.348048780487805,518,613.51,Home Decor
23217,LAUREL HEART ANTIQUE SILVER,1.4022093023255815,1290,1567.0,Home Decor
23218,LAUREL STAR ANTIQUE GOLD,1.383939393939394,372,465.81,Other
23219,LAUREL STAR ANTIQUE SILVER,1.3117307692307691,404,504.6,Other
23220,REINDEER HEART DECORATION GOLD,0.9106410256410257,929,774.4300000000001,Home Decor
23221,REINDEER HEART DECORATION SILVER,0.9132456140350877,1461,1241.5900000000001,Home Decor
23222,CHRISTMAS TREE HANGING GOLD,0.9616666666666667,776,690.64,Home Decor
23223,CHRISTMAS TREE HANGING SILVER,0.9460294117647059,745,670.11,Home Decor
23224,CHERUB HEART DECORATION GOLD,0.9328813559322033,719,620.45,Home Decor
23225,CHERUB HEART DECORATION SILVER,0.9579710144927536,1296,1089.6000000000001,Home Decor
23226,FILIGREE HEART DAISY WHITE,1.24125,1199,1478.59,Home Decor
23227,FILIGREE HEART BUTTERFLY WHITE,1.26816091954023,1592,1947.06,Home Decor
23228,FILIGREE HEART BIRD WHITE,1.3925316455696204,1397,1726.3,Home Decor
23229,VINTAGE DONKEY TAIL GAME,3.7842009132420094,1804,6336.43,Toys & Games
23230,WRAP ALPHABET DESIGN,0.41732758620689653,7925,3196.5,Other
23231,WRAP DOILEY DESIGN,0.4190661478599222,7225,2986.5,Other
23232,WRAP VINTAGE PETALS  DESIGN,0.417489539748954,8526,3436.92,Other
23233,WRAP POPPIES  DESIGN,0.41861635220125787,5175,2105.5,Other
23234,BISCUIT TIN VINTAGE CHRISTMAS,2.926051502145923,1632,4567.38,Home Decor
23235,STORAGE TIN VINTAGE LEAF,2.7495833333333337,726,1895.66,Storage
23236,DOILEY STORAGE TIN,2.9339024390243904,2443,6782.07,Storage
23237,SET OF 4 KNICK KNACK TINS LEAVES,4.133431952662722,1043,4208.05,Other
23238,SET OF 4 KNICK KNACK TINS LONDON,4.133122362869199,1775,7116.65,Other
23239,SET OF 4 KNICK KNACK TINS POPPIES,3.9050632911392404,812,3142.4,Other
23240,SET OF 4 KNICK KNACK TINS DOILEY,4.132995951417005,4094,16394.899999999998,Other
23241,TREASURE TIN GYMKHANA DESIGN,2.0751916376306623,2005,4060.0,Other
23242,TREASURE TIN BUFFALO BILL,2.0739473684210528,1430,2886.0800000000004,Other
23243,SET OF TEA COFFEE SUGAR TINS PANTRY,4.887694300518135,4658,22109.079999999998,Other
23244,ROUND STORAGE TIN VINTAGE LEAF,1.9743809523809523,925,1692.9099999999999,Storage
23245,SET OF 3 REGENCY CAKE TINS,4.932690707350902,5844,26566.280000000002,Other
23247,BISCUIT TIN 50'S CHRISTMAS,2.9715498154981552,2048,5760.52,Home Decor
23249,VINTAGE RED ENAMEL TRIM PLATE,1.6441176470588235,790,1274.7,Kitchen & Dining
23250,VINTAGE RED TRIM ENAMEL BOWL,1.2476404494382023,1103,1358.59,Kitchen & Dining
23251,VINTAGE RED ENAMEL TRIM MUG,1.2397058823529412,1645,1955.45,Kitchen & Dining
23252,VINTAGE RED ENAMEL TRIM JUG,3.7426399999999997,586,2153.34,Other
23253,16 PIECE CUTLERY SET PANTRY DESIGN,15.656382978723405,214,3082.1,Other
23254,CHILDRENS CUTLERY DOLLY GIRL,4.142805755395684,1657,6674.950000000001,Toys & Games
23255,CHILDRENS CUTLERY CIRCUS PARADE,4.164965034965035,962,3852.44,Other
23256,CHILDRENS CUTLERY SPACEBOY,4.151646341463414,2016,8115.4800000000005,Other
23263,SET OF 3 WOODEN HEART DECORATIONS,1.3180143540669855,3717,4791.58,Home Decor
23264,SET OF 3 WOODEN SLEIGH DECORATIONS,1.3229924242424242,1842,2396.7,Home Decor
23265,SET OF 3 WOODEN TREE DECORATIONS,1.31984496124031,1665,2153.71,Home Decor
23266,SET OF 3 WOODEN STOCKING DECORATION,1.3111301369863015,1964,2529.64,Home Decor
23267,SET OF 4 SANTA PLACE SETTINGS,1.2477659574468085,1158,1427.34,Other
23268,SET OF 2 CERAMIC CHRISTMAS REINDEER,1.5176923076923077,1434,1980.1799999999998,Home Decor
23269,SET OF 2 CERAMIC CHRISTMAS TREES,1.4474025974025975,748,1065.3999999999999,Home Decor
23270,SET OF 2 CERAMIC PAINTED HEARTS,1.4433884297520663,1157,1612.85,Home Decor
23271,CHRISTMAS TABLE CANDLE SILVER SPIKE,0.8367532467532467,1619,1314.33,Lighting
23272,TREE T-LIGHT HOLDER WILLIE WINKIE,1.5637142857142856,352,522.74,Lighting
23273,HEART T-LIGHT HOLDER WILLIE WINKIE,1.6793877551020406,928,1533.8400000000001,Lighting
23274,STAR T-LIGHT HOLDER WILLIE WINKIE,1.7453535353535352,1139,1870.11,Lighting
23275,SET OF 3 HANGING OWLS OLLIE BEAK,1.2882374100719425,3613,4291.17,Other
23280,FOLDING BUTTERFLY MIRROR HOT PINK,0.8339552238805971,1994,1546.0800000000002,Other
23281,FOLDING BUTTERFLY MIRROR RED,0.8229787234042553,1270,976.22,Other
23282,FOLDING BUTTERFLY MIRROR IVORY,0.8738461538461538,753,612.72,Other
23283,DOORMAT VINTAGE LEAVES DESIGN,7.912870813397129,967,6600.27,Other
23284,DOORMAT KEEP CALM AND COME IN,7.91196319018405,5338,35880.85,Other
23285,PINK VINTAGE SPOT BEAKER,0.8465909090909091,4679,4384.83,Other
23286,BLUE VINTAGE SPOT BEAKER,0.8464634146341463,4901,4528.29,Other
23287,RED VINTAGE SPOT BEAKER,0.845608108108108,1774,1445.5,Other
23288,GREEN VINTAGE SPOT BEAKER,0.8485925925925926,4505,4261.889999999999,Other
23289,DOLLY GIRL CHILDRENS BOWL,1.245774647887324,1553,1854.8500000000001,Kitchen & Dining
23290,SPACEBOY CHILDRENS BOWL,1.2419540229885058,2367,2757.15,Kitchen & Dining
23291,DOLLY GIRL CHILDRENS CUP,1.2695172413793103,1548,1880.1399999999999,Kitchen & Dining
23292,SPACE BOY CHILDRENS CUP,1.2635151515151515,2081,2486.37,Kitchen & Dining
23293,SET OF 12 FAIRY CAKE BAKING CASES,0.8238758029978587,8228,6457.0,Other
23294,SET OF 6 SNACK LOAF BAKING CASES,0.8247796610169491,4264,3336.94,Other
23295,SET OF 12 MINI LOAF BAKING CASES,0.8245753424657534,5957,4670.63,Other
23296,SET OF 6 TEA TIME BAKING CASES,1.2395975232198142,4877,5684.650000000001,Other
23297,SET 40 HEART SHAPE PETIT FOUR CASES,1.6359154929577464,4260,6677.0,Home Decor
23298,SPOTTY BUNTING,4.9164936336924585,7779,36144.25,Other
23299,FOOD COVER WITH BEADS SET 2,3.7931147540983607,980,3556.42,Other
23300,GARDENERS KNEELING PAD CUP OF TEA,1.665467289719626,6285,9933.69,Kitchen & Dining
23301,GARDENERS KNEELING PAD KEEP CALM,1.6639238845144355,7722,12463.78,Other
23302,KNEELING MAT HOUSEWORK  DESIGN,1.5788947368421054,1473,1980.71,Other
23303,SET 4 PICNIC CUTLERY FONDANT,1.95,65,126.75,Other
23304,SET 4 PICNIC CUTLERY CHERRY,1.9500000000000002,71,138.45,Other
23305,SET 4 PICNIC CUTLERY BLUEBERRY,1.9500000000000002,82,159.9,Other
23306,SET OF 36 DOILIES PANTRY DESIGN,1.4610900473933648,2692,3819.9399999999996,Other
23307,SET OF 60 PANTRY DESIGN CAKE CASES,0.5563178294573643,11661,5974.389999999999,Other
23308,SET OF 60 VINTAGE LEAF CAKE CASES,0.5637820512820513,5955,3091.61,Other
23309,SET OF 60 I LOVE LONDON CAKE CASES,0.5688925081433225,7670,3697.7,Other
23310,BUBBLEGUM RING ASSORTED,0.4292523364485981,11891,4894.83,Other
23311,VINTAGE CHRISTMAS STOCKING,2.545246478873239,2199,5564.25,Home Decor
23312,VINTAGE CHRISTMAS GIFT SACK,4.139847715736041,1364,5523.0,Home Decor
23313,VINTAGE CHRISTMAS BUNTING,4.951311475409836,2748,12960.12,Home Decor
23314,VINTAGE CHRISTMAS TABLECLOTH,12.439714285714286,391,4638.52,Home Decor
23315,IVORY REFECTORY CLOCK,9.83157894736842,202,1894.6999999999998,Other
23316,RED REFECTORY CLOCK,9.817368421052631,235,2212.25,Other
23317,BLUE REFECTORY CLOCK,9.872857142857141,161,1547.95,Other
23318,BOX OF 6 MINI VINTAGE CRACKERS,2.456955223880597,3645,8345.43,Storage
23319,BOX OF 6 MINI 50'S CRACKERS,2.463619302949062,3520,8169.4800000000005,Storage
23320,GIANT 50'S CHRISTMAS CRACKER,2.658634920634921,2628,6907.52,Home Decor
23321,SMALL WHITE HEART OF WICKER,1.6436241610738254,4262,6798.1,Home Decor
23322,LARGE WHITE HEART OF WICKER,2.947562862669246,2892,8137.500000000001,Home Decor
23323,WHITE WICKER STAR,2.096402877697842,1422,2954.7000000000003,Other
23324,RUSTIC STRAWBERRY JAMPOT LARGE,2.068205128205128,381,770.4000000000001,Other
23325,RUSTIC STRAWBERRY JAMPOT SMALL,1.6233333333333333,444,701.4,Other
23326,HANGING MINI COLOURED BOTTLES,0.6192727272727273,3369,1999.59,Other
23327,HANGING CLEAR MINI BOTTLE,0.6185714285714285,1710,1012.02,Other
23328,SET 6 SCHOOL MILK BOTTLES IN CRATE,3.7212280701754383,2063,7495.29,Other
23329,DECORATIVE WICKER HEART LARGE,1.6482758620689655,1701,2794.65,Home Decor
23330,DECORATIVE WICKER HEART MEDIUM,1.2489603960396038,1751,2181.19,Home Decor
23331,DECORATIVE WICKER HEART SMALL,0.6290697674418605,1492,932.28,Home Decor
23332,IVORY WICKER HEART LARGE,1.6485507246376812,1979,3255.75,Home Decor
23333,IVORY WICKER HEART MEDIUM,1.2481415929203539,2009,2498.65,Home Decor
23334,IVORY WICKER HEART SMALL,0.6284158415841584,2154,1345.5,Home Decor
23335,EGG FRYING PAN IVORY,2.074390243902439,358,722.5600000000001,Other
23336,EGG FRYING PAN PINK,2.1120312500000002,199,415.97,Other
23337,EGG FRYING PAN MINT,2.08,169,351.52000000000004,Other
23338,EGG FRYING PAN RED,2.0749450549450548,405,820.32,Other
23339,EGG FRYING PAN BLUE,2.08,150,312.0,Other
23340,VINTAGE CHRISTMAS CAKE FRILL,1.645121951219512,2453,3879.4500000000003,Home Decor
23341,PINK DINER WALL CLOCK,8.456632653061224,281,2317.1,Other
23342,MINT DINER WALL CLOCK,8.483548387096775,365,3051.5,Other
23343,JUMBO BAG VINTAGE CHRISTMAS,2.0784223918575067,4905,9742.1,Bags & Accessories
23344,JUMBO BAG 50'S CHRISTMAS,2.070135135135135,8933,17636.04,Bags & Accessories
23345,DOLLY GIRL BEAKER,1.2437037037037038,2394,2754.5,Toys & Games
23346,SPACEBOY BEAKER,1.2439285714285715,2567,2970.75,Other
23347,I LOVE LONDON BEAKER,1.247605633802817,827,999.75,Other
23348,CHILDRENS TOY COOKING UTENSIL SET,2.0706451612903227,676,1363.16,Toys & Games
23349,ROLL WRAP VINTAGE CHRISTMAS,1.245,2847,3450.39,Home Decor
23350,ROLL WRAP VINTAGE SPOT,1.2466666666666668,2584,3154.4,Other
23351,ROLL WRAP 50'S CHRISTMAS,1.2438909090909092,3054,3694.02,Home Decor
23352,ROLL WRAP 50'S RED CHRISTMAS,1.2474233128834356,1593,1961.01,Home Decor
23353,6 GIFT TAGS VINTAGE CHRISTMAS,0.8295719844357976,3726,3068.82,Home Decor
23354,6 GIFT TAGS 50'S CHRISTMAS,0.8295910780669145,3343,2750.9300000000003,Home Decor
23355,HOT WATER BOTTLE KEEP CALM,4.866142270861833,5313,24302.55,Other
23356,LOVE HOT WATER BOTTLE,5.891176470588236,2325,12954.75,Other
23357,HOT WATER BOTTLE SEX BOMB,4.479213483146068,432,1832.0,Other
23358,HOT STUFF HOT WATER BOTTLE,3.437761194029851,527,1686.15,Other
23359,SET OF 12 T-LIGHTS VINTAGE DOILEY,1.9302631578947367,976,1834.8,Lighting
23360,SET 8 CANDLES VINTAGE DOILEY,1.941743119266055,1146,2148.2999999999997,Lighting
23365,SET 12 COLOUR PENCILS LOVE LONDON,0.649236641221374,1529,991.45,Other
23366,SET 12 COLOURING PENCILS DOILY,0.6493055555555556,1919,1208.95,Other
23367,SET 12 COLOUR PENCILS SPACEBOY,0.6495726495726496,2778,1803.3,Other
23368,SET 12 COLOUR PENCILS DOLLY GIRL,0.6494505494505495,2152,1396.4,Toys & Games
23369,SET 36 COLOUR PENCILS LOVE LONDON,1.2441836734693879,901,1053.29,Other
23370,SET 36 COLOUR PENCILS DOILEY,1.2464814814814815,1354,1643.8600000000001,Other
23371,SET 36 COLOUR PENCILS SPACEBOY,1.2443283582089553,1498,1775.22,Other
23372,SET 36 COLOUR PENCILS DOLLY GIRL,1.2426213592233009,1294,1520.22,Toys & Games
23373,VINTAGE CHRISTMAS PAPER GIFT BAG,0.8177272727272726,1563,1241.6599999999999,Bags & Accessories
23374,RED SPOT PAPER GIFT BAG,0.8175409836065574,2444,1944.08,Bags & Accessories
23375,50'S CHRISTMAS PAPER GIFT BAG,0.8188636363636363,1317,1059.9399999999998,Bags & Accessories
23376,PACK OF 12 VINTAGE CHRISTMAS TISSUE,0.38940170940170943,2630,995.4599999999999,Home Decor
23377,PACK OF 12 DOLLY GIRL TISSUES,0.39,1200,468.0,Toys & Games
23378,PACK OF 12 50'S CHRISTMAS TISSUES,0.3890728476821192,3413,1270.59,Home Decor
23379,PACK OF 12 RED APPLE TISSUES,0.38862745098039214,1175,428.01,Other
23380,PACK OF 12 VINTAGE DOILY TISSUES,0.3892708333333334,2159,811.77,Other
23381,PACK OF 12 VINTAGE LEAF TISSUES,0.3889230769230769,1474,544.62,Other
23382,BOX OF 6 CHRISTMAS CAKE DECORATIONS,3.710731707317073,1712,6155.04,Home Decor
23388,WOODLAND MINI BACKPACK,4.138148148148149,789,3154.3500000000004,Other
23389,SPACEBOY MINI BACKPACK,4.142270531400967,1043,4188.45,Other
23390,DOLLY GIRL MINI BACKPACK,4.139261744966443,721,2872.15,Toys & Games
23391,I LOVE LONDON MINI BACKPACK,4.138571428571429,360,1454.0,Other
23392,SPACEBOY ROCKET LOLLY MAKERS,2.0726582278481014,587,1165.28,Other
23393,HOME SWEET HOME CUSHION COVER,3.75,763,2861.25,Other
23394,POSTE FRANCE CUSHION COVER,3.75,392,1470.0,Other
23395,BELLE JARDINIERE CUSHION COVER,3.7473863636363633,683,2555.73,Other
23396,BUTTERFLY CUSHION COVER,3.7472781065088756,609,2278.23,Other
23397,FOOT STOOL HOME SWEET HOME,9.84772727272727,434,4069.9,Other
23398,HANGING HEART BONHEUR,0.847936507936508,587,495.83,Home Decor
23399,HOME SWEET HOME HANGING HEART,0.8492972972972973,1815,1539.6299999999999,Home Decor
23400,SHELF WITH 4 HOOKS HOME SWEET HOME,6.153333333333333,448,2247.36,Other
23401,RUSTIC MIRROR WITH LACE HEART,6.0931428571428565,443,2155.51,Home Decor
23402,HOME SWEEET HOME 3 PEG HANGER,3.7416363636363634,280,1027.92,Other
23403,LETTER HOLDER HOME SWEET HOME,3.7067567567567568,595,1980.31,Other
23404,HOME SWEET HOME BLACKBOARD,4.863676470588236,969,4108.58,Other
23405,HOME SWEET HOME 2 DRAWER CABINET,4.908620689655172,235,1128.05,Other
23406,HOME SWEET HOME KEY HOLDER,6.1423404255319145,434,2148.54,Other
23407,SET OF 2 TRAYS HOME SWEET HOME,9.925254237288135,248,2426.72,Other
23408,PHOTO FRAME LINEN AND LACE SMALL,2.08,310,644.8000000000001,Other
23409,PHOTO FRAME LINEN AND LACE LARGE,3.7275609756097565,208,771.72,Other
23410,CURIO CABINET LINEN AND LACE,8.027777777777779,36,290.1,Other
23411,TRELLIS COAT RACK,4.915957446808511,217,1016.5500000000001,Other
23412,HEART MIRROR ANTIQUE WHITE,7.394583333333333,351,2269.14,Home Decor
23413,VINTAGE COFFEE GRINDER BOX,4.894186046511629,156,743.4,Storage
23414,ZINC BOX SIGN HOME,9.90290322580645,139,1348.01,Storage
23415,HOME SWEET HOME HOOK,1.3699999999999999,326,405.6,Other
23416,CHAMBRE HOOK,1.16,123,155.07,Other
23417,BATHROOM HOOK,1.1345454545454545,140,137.76,Other
23418,LAVENDER TOILETTE BOTTLE,2.0655,533,1066.88,Other
23419,HOME SWEET HOME BOTTLE,2.0752459016393443,437,895.0400000000001,Other
23420,PANTRY HOOK TEA STRAINER,2.08,159,330.72,Other
23421,PANTRY HOOK SPATULA,2.08,152,316.16,Other
23422,PANTRY HOOK BALLOON WHISK,2.08,196,407.68,Other
23423,PANTRY 3 HOOK ROLLING PIN HANGER,3.75,202,757.5,Other
23424,GINGHAM RECIPE BOOK BOX,4.926699029126214,409,1966.95,Storage
23425,STORAGE TIN HOME SWEET HOME,2.052857142857143,237,435.43,Storage
23426,METAL SIGN DROP YOUR PANTS,2.854450867052023,1230,3186.7799999999997,Other
23427,STOOL HOME SWEET HOME,12.30373831775701,227,2635.9,Other
23428,IVORY RETRO KITCHEN WALL CLOCK,8.107692307692307,70,559.5,Other
23429,RED RETRO KITCHEN WALL CLOCK,8.15,44,358.6,Other
23430,BLUE RETRO KITCHEN WALL CLOCK,8.15,35,285.25,Other
23431,NATURAL HANGING QUILTED HEARTS,0.8252173913043478,1427,1113.13,Home Decor
23432,PRETTY HANGING QUILTED HEARTS,0.8268571428571428,1272,1045.2,Home Decor
23433,HANGING QUILTED PATCHWORK APPLES,0.8286585365853659,1215,1003.1700000000001,Other
23434,3 RAFFIA RIBBONS 50'S CHRISTMAS,0.9046666666666667,1782,1624.5,Home Decor
23435,3 RAFFIA RIBBONS VINTAGE CHRISTMAS,0.9072727272727273,676,606.28,Home Decor
23436,GIFT BAG LARGE VINTAGE CHRISTMAS,1.2408695652173913,1929,2251.65,Bags & Accessories
23437,50'S CHRISTMAS GIFT BAG LARGE,1.248108108108108,1909,2302.25,Bags & Accessories
23438,RED SPOT GIFT BAG LARGE,1.247857142857143,1782,2143.5,Bags & Accessories
23439,HAND WARMER RED LOVE HEART,2.0941709844559586,3721,7574.1,Home Decor
23440,PAINT YOUR OWN EGGS IN CRATE,2.022,164,299.36,Other
23441,HAND PAINTED HANGING EASTER EGG,0.42,22,9.24,Home Decor
23442,12 HANGING EGGS HAND PAINTED,2.08,40,83.2,Other
23444,Next Day Carriage,15.189873417721518,79,1200.0,Other
23445,ICE CREAM BUBBLES,0.8265263157894737,2647,2131.0099999999998,Other
23446,BLUE BUNNY EASTER EGG BASKET,1.5833333333333333,157,230.25,Home Decor
23447,PINK BUNNY EASTER EGG BASKET,1.5999999999999999,158,231.9,Home Decor
23448,CREAM BUNNY EASTER EGG BASKET,1.6499999999999997,25,41.25,Home Decor
23449,SET OF 6 EASTER RAINBOW CHICKS,1.25,12,15.0,Home Decor
23451,SQUARE MINI PORTRAIT FRAME,1.9433333333333334,268,519.0,Other
23452,HEART MINI PORTRAIT FRAME,1.9462962962962964,510,990.9,Home Decor
23453,OVAL  MINI PORTRAIT FRAME,1.9437499999999999,315,611.85,Other
23454,SET OF 3 MINI HANGING PORTRAITS,4.141836734693878,161,658.5500000000001,Other
23455,SMALL PARLOUR PICTURE FRAME,2.8671428571428574,206,566.5400000000001,Other
23456,MEDIUM PARLOUR PICTURE FRAME,4.116666666666667,158,634.1,Other
23457,LARGE PARLOUR PICTURE FRAME,4.9189655172413795,104,498.6,Other
23458,DOLLY CABINET 3 DRAWERS,14.95,51,762.4499999999999,Toys & Games
23459,DOLLY CABINET 2 DRAWERS,12.5,33,412.5,Toys & Games
23460,SWEETHEART WALL TIDY,9.900930232558139,108,1007.0799999999999,Home Decor
23461,SWEETHEART BIRD HOUSE,4.1359550561797755,829,2908.55,Home Decor
23462,ROCOCO WALL MIRROR WHITE,19.745454545454546,77,1482.1499999999999,Other
23463,VINTAGE ZINC WATERING CAN,9.95,12,119.39999999999999,Other
23464,VINTAGE ZINC WATERING CAN SMALL,4.95,16,79.2,Other
23465,TUSCAN VILLA FEEDING STATION,8.25,28,231.0,Other
23466,TUSCAN VILLA DOVECOTE,8.214285714285714,49,398.25,Other
23467,VINTAGE ZINC PLANTER,3.29,23,75.66999999999999,Other
23468,TUSCAN VILLA BIRD TABLE,8.25,19,156.75,Other
23469,CARD HOLDER LOVE BIRD SMALL,4.122698412698413,320,1255.76,Other
23470,CARD HOLDER LOVE BIRD LARGE,6.2156,220,1323.4,Other
23471,SIX DRAWER OFFICE TIDY,9.753846153846153,64,596.0,Other
23472,NINE DRAWER OFFICE TIDY,14.786666666666665,54,777.9,Other
23473,WOODLAND SMALL RED FELT HEART,0.8274418604651163,665,530.83,Home Decor
23474,WOODLAND SMALL BLUE FELT HEART,0.83,297,246.51000000000002,Home Decor
23475,WOODLAND SMALL PINK FELT HEART,0.83,280,232.4,Home Decor
23476,WOODLAND LARGE RED FELT HEART,1.25,198,247.5,Home Decor
23477,WOODLAND LARGE BLUE FELT HEART,1.25,85,106.25,Home Decor
23478,WOODLAND LARGE PINK FELT HEART,1.2289999999999999,278,307.18,Home Decor
23479,WIRE EGG BASKET,7.775,109,819.65,Storage
23480,MINI LIGHTS WOODLAND MUSHROOMS,3.726477272727273,1717,6118.59,Lighting
23481,PEARLISED IVORY HEART SMALL,1.2429999999999999,217,266.21,Home Decor
23482,PEARLISED IVORY HEART LARGE,1.6388888888888888,415,651.15,Home Decor
23483,HANGING  BUTTERFLY T-LIGHT HOLDER,1.2280597014925374,1310,1526.62,Lighting
23484,HEART TRELLISTRIPLE T-LIGHT HOLDER,2.8592307692307695,174,483.66,Lighting
23485,BOTANICAL GARDENS WALL CLOCK,24.16,259,5719.0,Other
23486,ANTIQUE HEART SHELF UNIT,16.44705882352941,267,3879.15,Home Decor
23487,SWEET HEART CAKE CARRIER,9.869047619047619,78,754.0,Home Decor
23489,"GARLAND, VINTAGE BELLS",2.8872027972027974,876,2512.44,Other
23490,T-LIGHT HOLDER HANGING LOVE BIRD,3.740315789473684,533,1965.63,Lighting
23491,VINTAGE JINGLE BELLS HEART,8.25,226,1864.5,Home Decor
23492,VINTAGE JINGLE BELLS WREATH,8.25,74,610.5,Other
23493,VINTAGE DOILY TRAVEL SEWING KIT,1.9483240223463687,3516,6736.2,Other
23494,VINTAGE DOILY DELUXE SEWING KIT,5.933050847457627,722,4194.900000000001,Other
23495,SET OF 3 PANTRY WOODEN SPOONS,1.25,192,240.0,Other
23496,PANTRY KITCHEN THERMOMETER,1.25,88,110.0,Other
23497,CLASSIC CHROME BICYCLE BELL,1.4383050847457626,2511,3508.75,Other
23498,CLASSIC BICYCLE CLIPS,1.4402247191011237,1587,2200.15,Other
23499,SET 12 VINTAGE DOILY CHALK,0.42,1244,522.48,Other
23500,KEY RING BASEBALL BOOT ASSORTED,1.2428409090909092,1580,1928.8,Other
23501,KEY RING BASEBALL BOOT UNION JACK,1.2379310344827588,1770,2103.3,Other
23502,PLAYING CARDS VINTAGE DOILEY,1.2452272727272726,690,838.98,Other
23503,PLAYING CARDS KEEP CALM & CARRY ON,1.24811377245509,3432,4242.96,Other
23504,PLAYING CARDS JUBILEE UNION JACK,1.2489447236180904,1661,2073.73,Other
23505,PLAYING CARDS I LOVE LONDON,1.2420754716981133,1058,1238.5,Other
23506,MINI PLAYING CARDS SPACEBOY,0.41909090909090907,2694,1106.28,Other
23507,MINI PLAYING CARDS BUFFALO BILL,0.41834862385321103,2839,1128.18,Other
23508,MINI PLAYING CARDS DOLLY GIRL,0.4189473684210526,2472,1013.0400000000001,Toys & Games
23509,MINI PLAYING CARDS FUN FAIR,0.4178181818181818,1040,433.2,Other
23510,MINI PLAYING CARDS GYMKHANA,0.41879999999999995,2297,901.74,Other
23511,EMBROIDERED RIBBON REEL EMILY,2.0732558139534887,524,1046.42,Other
23512,EMBROIDERED RIBBON REEL ROSIE,2.0622448979591836,484,921.46,Other
23513,EMBROIDERED RIBBON REEL SUSIE,2.0706451612903227,556,1072.96,Other
23514,EMBROIDERED RIBBON REEL SALLY,2.0706451612903227,458,909.14,Other
23515,EMBROIDERED RIBBON REEL DAISY,2.0655,558,1075.3799999999999,Other
23516,EMBROIDERED RIBBON REEL SOPHIE,3.7280952380952384,291,1025.01,Other
23517,EMBROIDERED RIBBON REEL REBECCA,2.8743137254901963,312,860.88,Other
23518,EMBROIDERED RIBBON REEL RACHEL,2.870487804878049,357,954.93,Other
23519,EMBROIDERED RIBBON REEL CLAIRE,3.701578947368421,219,755.01,Other
23520,EMBROIDERED RIBBON REEL RUBY,3.734666666666667,165,585.63,Other
23521,CAT AND BIRD WALL ART,2.618181818181818,388,648.62,Other
23522,DOG AND BALL WALL ART,2.575714285714286,341,652.17,Other
23523,TREASURE AHOY WALL ART,3.656315789473684,357,1151.43,Other
23524,HORSE & PONY WALL ART,3.6588235294117646,465,1441.98,Other
23525,BUFFALO BILL WALL ART,3.6584090909090907,567,1777.89,Other
23526,DOG LICENCE WALL ART,5.814565217391305,882,4346.82,Other
23527,ANIMALS AND NATURE WALL ART,3.6818604651162787,415,1394.97,Other
23528,SPACEBOY WALL ART,3.626764705882353,462,1381.38,Other
23529,DOLLY GIRL WALL ART,3.6103333333333336,629,1952.3100000000002,Toys & Games
23530,WALL ART ONLY ONE PERSON,4.7518918918918915,1037,4241.25,Other
23531,WALL ART BIG LOVE,6.744897959183674,960,5319.36,Other
23532,WALL ART WORK REST AND PLAY,4.470769230769231,205,853.47,Other
23533,WALL ART GARDEN HAVEN,5.151935483870968,210,936.34,Other
23534,STOP FOR TEA WALL ART,5.881230769230768,1206,6320.88,Other
23535,BICYCLE SAFTEY WALL ART,5.866196319018405,1123,5898.61,Other
23536,VILLAGE SHOW WALL ART,5.869864864864865,613,3274.03,Other
23537,I LOVE LONDON WALL ART,4.835714285714286,98,446.70000000000005,Other
23538,WALL ART VINTAGE HEART,4.78925925925926,326,1273.92,Home Decor
23539,WALL ART LOVES' SECRET,5.797428571428571,237,1129.71,Other
23540,WALL ART THE MAGIC FOREST,6.142,146,890.54,Other
23541,WALL ART CLASSIC PUDDINGS,8.1105,829,6154.69,Other
23542,70'S ALPHABET WALL ART,8.045714285714286,484,3442.68,Other
23543,KEEP CALM WALL ART,7.858958333333334,1227,6869.47,Other
23544,WALL ART MID CENTURY MODERN,7.523000000000001,164,1015.78,Other
23545,WRAP RED DOILEY,0.419047619047619,2475,1023.5,Other
23546,WRAP PAISLEY PARK,0.42,3250,1365.0,Other
23547,WRAP FLOWER SHOP,0.42,1575,661.5,Other
23548,WRAP MAGIC FOREST,0.42,1075,451.5,Other
23549,WRAP BIRD GARDEN,0.42,1300,546.0,Other
23550,WRAP ALPHABET POSTER,0.41873015873015873,1850,761.0,Other
23551,PACK OF 12 PAISLEY PARK TISSUES,0.38999999999999996,1614,629.4599999999999,Other
23552,BICYCLE PUNCTURE REPAIR KIT,2.062181818181818,1730,3336.7200000000003,Other
23553,LANDMARK FRAME CAMDEN TOWN,12.375,557,6244.85,Other
23554,LANDMARK FRAME OXFORD STREET,12.385185185185184,419,4730.65,Other
23555,LANDMARK FRAME NOTTING HILL,12.405102040816328,419,4730.65,Other
23556,LANDMARK FRAME COVENT GARDEN,12.38076923076923,435,4912.05,Other
23557,LANDMARK FRAME BAKER STREET,12.39310344827586,347,3867.85,Other
23558,LANDMARK FRAME LONDON BRIDGE,12.401063829787235,410,4604.2,Other
23559,WOODLAND BUNNIES LOLLY MAKERS,2.0722666666666667,563,1129.28,Other
23560,SET OF 6 RIBBONS COUNTRY STYLE,2.87,163,447.07,Other
23561,SET OF 6 RIBBONS PARTY,2.8592307692307695,167,458.63,Other
23562,SET OF 6 RIBBONS PERFECTLY PRETTY,2.8791891891891894,243,678.27,Other
23564,EGG CUP MILKMAID INGRID,1.2449999999999999,587,703.51,Kitchen & Dining
23565,EGG CUP MILKMAID HELGA,1.25,348,435.0,Kitchen & Dining
23566,EGG CUP MILKMAID HEIDI,1.2408695652173913,784,919.52,Kitchen & Dining
23567,EGG CUP HENRIETTA HEN PINK,1.25,187,233.75,Kitchen & Dining
23568,EGG CUP HENRIETTA HEN CREAM,1.2349999999999999,580,664.52,Kitchen & Dining
23569,TRADTIONAL ALPHABET STAMP SET,4.9455056179775285,926,4497.3,Other
23570,TRADITIONAL PICK UP STICKS GAME,1.25,1836,2295.0,Toys & Games
23571,TRADITIONAL NAUGHTS & CROSSES,1.6490950226244343,2018,3300.9,Other
23574,PACKING CHARGE,7.5,14,105.0,Other
23575,SNACK TRAY PAISLEY PARK,1.9375,164,305.4,Other
23576,SNACK TRAY RED VINTAGE DOILY,1.94,185,346.34999999999997,Other
23578,SNACK TRAY RED GINGHAM,1.95,56,109.2,Other
23579,SNACK TRAY I LOVE LONDON,1.9375,149,276.15,Other
23580,SNACK TRAY HAPPY FOREST,1.9499999999999997,110,214.5,Other
23581,JUMBO BAG PAISLEY PARK,2.059223300970874,4358,8498.04,Bags & Accessories
23582,VINTAGE DOILY JUMBO BAG RED,2.0663713080168775,4434,8508.220000000001,Bags & Accessories
23583,LUNCH BAG PAISLEY PARK,1.6447540983606557,3305,5251.25,Bags & Accessories
23597,PAPER BUNTING PAISLEY PARK,2.9071428571428575,246,661.7,Other
23598,PAPER BUNTING VINTAGE PARTY,2.930952380952381,420,1175.0,Other
23630,SET 10 CARDS HANGING BAUBLES 17080,2.99,1,2.99,Other
23660,HENRIETTA HEN MUG,1.65,293,483.45000000000005,Kitchen & Dining
23661,MILK MAIDS MUG,1.6499999999999997,204,336.6,Kitchen & Dining
23664,FLOWER SHOP DESIGN MUG,1.65,1,1.65,Kitchen & Dining
23681,LUNCH BAG RED VINTAGE DOILY,1.6415966386554621,1547,2432.55,Bags & Accessories
23691,KEEP CALM BIRTHDAY WRAP,0.4184210526315789,1175,481.5,Other
23692,WRAP A PRETTY THANK YOU,0.42,50,21.0,Other
23694,PAISLEY PARK CARD,0.4175,348,141.84,Other
23695,DOILY THANK YOU CARD,0.41727272727272724,703,286.62,Other
23697,A PRETTY THANK YOU CARD,0.41777777777777775,438,179.64000000000001,Other
23702,High Resolution Image,8.5,4,27.0,Other
23843,"PAPER CRAFT , LITTLE BIRDIE",2.08,80995,168469.6,Other
35001G,HAND OPEN SHAPE GOLD,3.602692307692308,156,506.58,Other
35001W,HAND OPEN SHAPE DECO.WHITE,3.0840000000000005,92,270.02,Other
35004B,SET OF 3 BLACK FLYING DUCKS,5.1000000000000005,475,2251.15,Other
35004C,SET OF 3 COLOURED  FLYING DUCKS,5.239473684210527,393,1882.6499999999999,Other
35004G,SET OF 3 GOLD FLYING DUCKS,5.3,126,448.29999999999995,Other
35004P,SET OF 3 PINK FLYING DUCKS,5.45,1,5.45,Other
35095A,BLUE VICTORIAN FABRIC OVAL BOX,0.41617647058823526,811,293.82,Storage
35095B,RED VICTORIAN FABRIC OVAL BOX,0.4168292682926829,772,277.44,Storage
35241,ENAMEL BLUE RIM BISCUIT BIN,4.786666666666666,89,413.95,Other
35265,COLOURFUL FLOWER FRUIT BOWL,2.3181818181818183,16,50.25,Kitchen & Dining
35271S,GOLD PRINT PAPER BAG,0.19,19,3.6100000000000003,Bags & Accessories
35400,WOODEN BOX ADVENT CALENDAR,8.95,10,89.5,Storage
35443,RASTA IN BATH W SPLIFF ASHTRAY,0.85,7,5.949999999999999,Other
35471D,SET OF 3 BIRD LIGHT PINK FEATHER,0.47482758620689663,1654,690.0,Lighting
35591T,TURQUOISE CHRISTMAS TREE,1.25,5,6.25,Home Decor
35597A,DUSTY PINK CHRISTMAS TREE 30CM,1.25,1,1.25,Home Decor
35597B,BLACKCHRISTMAS TREE 30CM,1.25,1,1.25,Home Decor
35597D,PINK/WHITE CHRISTMAS TREE 30CM,0.38,46,17.479999999999997,Home Decor
35598A,DUSTY PINK CHRISTMAS TREE 60CM,2.95,9,26.550000000000004,Home Decor
35598B,BLACK CHRISTMAS TREE 60CM,1.2772727272727273,554,433.7,Home Decor
35598C,WHITE CHRISTMAS TREE 60CM,2.95,2,5.9,Home Decor
35598D,PINK/WHITE CHRISTMAS TREE 60CM,0.7504166666666667,660,433.22,Home Decor
35599B,BLACK CHRISTMAS TREE 120CM,3.033478260869565,209,503.85,Home Decor
35599D,PINK AND WHITE CHRISTMAS TREE 120CM,2.573157894736842,186,465.38,Home Decor
35607A,PINK FLUFFY CHRISTMAS DECORATION,0.19,24,4.5600000000000005,Home Decor
35607B,BLACK FEATHER CHRISTMAS DECORATION,0.19,96,18.240000000000002,Home Decor
35610A,PINK CHRISTMAS FLOCK DROPLET,1.25,8,10.0,Home Decor
35610B,BLACK CHRISTMAS FLOCK DROPLET,1.25,24,30.0,Home Decor
35610C,WHITE CHRISTMAS FLOCK DROPLET,1.25,24,30.0,Home Decor
35637A,IVORY STRING CURTAIN WITH POLE,2.6166666666666667,166,363.7,Other
35637C,PINK STRING CURTAIN WITH POLE,2.5214285714285714,28,62.6,Other
35638A,PINK AND BLACK STRING CURTAIN,3.55,38,82.1,Other
35638B,PINK/BLUE STRING CURTAIN,1.95,56,109.2,Other
35645,VINTAGE BEAD PINK JEWEL BOX,4.25,4,17.0,Storage
35646,VINTAGE BEAD PINK EVENING BAG,1.4330434782608696,513,668.88,Bags & Accessories
35647,VINTAGE BEAD PINK SHADE,1.25,13,16.25,Other
35648,VINTAGE BEAD PINK PURSE,0.995079365079365,812,774.7600000000001,Bags & Accessories
35649,VINTAGE BEAD COSMETIC BAG,3.095714285714286,16,51.82,Bags & Accessories
35650,VINTAGE BEAD PINK JEWEL STAND,4.95,1,4.95,Other
35651,VINTAGE BEAD PINK SCARF,1.8352941176470587,330,557.1,Fashion
35653,VINTAGE BEAD NOTEBOOK,2.95,47,138.65,Other
35809A,ENAMEL PINK TEA CONTAINER,1.1087804878048781,388,374.11,Other
35809B,ENAMEL BLUE RIM TEA CONTAINER,1.6766666666666667,8,9.18,Other
35810A,ENAMEL PINK COFFEE CONTAINER,1.021698113207547,602,545.38,Other
35810B,ENAMEL BLUE RIM COFFEE CONTAINER,1.1928571428571428,147,155.03,Other
35815P,"ACRYLIC JEWEL SNOWFLAKE, PINK",0.724,162,63.28,Other
35816P,"ACRYLIC JEWEL ANGEL,PINK",0.38,78,29.64,Other
35817P,"ACRYLIC JEWEL SNOWFLAKE,PINK",1.4649999999999999,18,19.86,Other
35818B,"ACRYLIC JEWEL ICICLE, BLUE",0.38000000000000006,31,11.78,Other
35818P,"ACRYLIC JEWEL ICICLE, PINK",0.38,261,99.18,Other
35819B,"ACRYLIC HANGING JEWEL,BLUE",0.38,266,101.08,Other
35819P,"ACRYLIC HANGING JEWEL,PINK",0.5042857142857143,95,66.55,Other
35833P,4 PINK FLOCK CHRISTMAS BALLS,1.25,36,45.0,Home Decor
35909A,RABBIT EASTER DECORATION,2.9500000000000006,8,23.6,Home Decor
35909B,PINK FLOWERS RABBIT EASTER,2.95,8,23.6,Home Decor
35910A,MULTICOLOUR EASTER RABBIT,1.95,20,39.0,Home Decor
35910B,PINK FLOWERS RABBIT EASTER,1.95,13,25.349999999999998,Home Decor
35911A,MULTICOLOUR RABBIT EGG WARMER,1.0984,205,194.14999999999998,Other
35911B,PINK/FLOWER RABBIT EGG WARMER,2.1,17,35.7,Other
35912B,WHITE/PINK CHICK DECORATION,1.228888888888889,249,283.89,Home Decor
35913B,WHITE/PINK CHICK EASTER DECORATION,0.85,34,28.9,Home Decor
35914,PINK CHICK EGG WARMER + EGG CUP,1.2666666666666666,135,162.25,Kitchen & Dining
35915B,BLUE KNITTED HEN,1.65,91,150.15,Other
35915C,PEACH KNITTED HEN,1.65,49,80.85000000000001,Other
35916A,YELLOW FELT HANGING HEART W FLOWER,0.85,20,17.0,Home Decor
35916B,BLUE FELT HANGING HEART WITH FLOWER,0.85,6,5.1,Home Decor
35916C,PINK FELT HANGING HEART W FLOWER,0.85,54,45.9,Home Decor
35920,FOUR RABBIT EASTER DECORATIONS,1.25,67,83.75,Home Decor
35921,EASTER BUNNY HANGING GARLAND,1.25,54,67.5,Home Decor
35922,EASTER BUNNY WREATH,4.95,28,138.6,Home Decor
35923,CANDY HEART HANGING DECORATION,0.48333333333333334,1265,631.71,Home Decor
35924,HANGING FAIRY CAKE DECORATION,2.0006060606060605,724,1262.1000000000001,Home Decor
35933,PINK STOCKING CHRISTMAS DECORATION,0.38,222,84.36,Home Decor
35953,FOLKART STAR CHRISTMAS DECORATIONS,0.48772727272727273,3016,1281.1599999999999,Home Decor
35954,SMALL FOLKART STAR CHRISTMAS DEC,0.2596969696969697,1076,244.23,Home Decor
35957,SMALLFOLKART BAUBLE CHRISTMAS DEC,0.32142857142857145,558,146.04,Home Decor
35958,FOLKART ZINC STAR CHRISTMAS DEC,0.85,12,10.2,Home Decor
35961,FOLKART ZINC HEART CHRISTMAS DEC,0.846687898089172,2679,2127.39,Home Decor
35964,FOLKART CLIP ON STARS,0.43500000000000005,621,245.60999999999999,Other
35965,FOLKART HEART NAPKIN RINGS,1.4071428571428573,181,181.87,Home Decor
35966,FOLKART CHRISTMAS TREE T-LIGHT HOLD,0.38,27,10.260000000000002,Lighting
35967,FOLK ART METAL STAR T-LIGHT HOLDER,0.39655172413793105,381,150.54,Lighting
35968,FOLK ART METAL HEART T-LIGHT HOLDER,0.37,145,52.760000000000005,Lighting
35970,ZINC FOLKART SLEIGH BELLS,1.7356976744186043,4627,7631.31,Other
35971,ROSE FOLKART HEART DECORATIONS,1.4080357142857143,423,504.64,Home Decor
35972,DAISY FOLKART HEART DECORATION,1.25,96,120.0,Home Decor
37327,ASSTD MULTICOLOUR CIRCLES MUG,0.41957446808510634,1374,547.98,Kitchen & Dining
37330,BIG POLKADOT MUG,0.39,6,2.34,Kitchen & Dining
37333,"RETRO ""TEA FOR ONE""",3.5863636363636364,14,54.3,Other
37340,MULTICOLOUR SPRING FLOWER MUG,0.40437500000000004,2042,803.74,Kitchen & Dining
37342,POLKADOT COFFEE CUP & SAUCER PINK,0.795625,1435,1142.29,Kitchen & Dining
37343,POLKADOT MUG PINK,1.4925,62,89.7,Kitchen & Dining
37351,ORANGE FLOWER MUG,0.39,4,1.56,Kitchen & Dining
37370,RETRO COFFEE MUGS ASSORTED,1.233189655172414,2504,2829.28,Kitchen & Dining
37379A,PINK CHERRY BLOSSOM CUP & SAUCER,1.25,6,7.5,Kitchen & Dining
37413,ICON MUG REVOLUTIONARY,0.4112345679012346,701,283.71,Kitchen & Dining
37423,WHITE WITH BLACK CATS PLATE,0.5433333333333333,78,33.18,Kitchen & Dining
37444A,YELLOW BREAKFAST CUP AND SAUCER,0.9385714285714286,47,31.130000000000003,Kitchen & Dining
37444B,BLUE BREAKFAST CUP AND SAUCER,2.9500000000000006,4,11.8,Kitchen & Dining
37444C,PINK BREAKFAST CUP AND SAUCER,1.487142857142857,19,30.45,Kitchen & Dining
37446,MINI CAKE STAND WITH HANGING CAKES,1.4316993464052286,1290,1764.8999999999999,Other
37447,CERAMIC CAKE DESIGN SPOTTED PLATE,1.483684210526316,757,1104.8899999999999,Kitchen & Dining
37448,CERAMIC CAKE DESIGN SPOTTED MUG,1.4823566878980892,1399,2035.55,Kitchen & Dining
37449,CERAMIC CAKE STAND + HANGING CAKES,9.757499999999999,561,5074.83,Other
37450,CERAMIC CAKE BOWL + HANGING CAKES,2.89,665,1832.15,Kitchen & Dining
37461,FUNKY MONKEY MUG,1.25,1,1.25,Kitchen & Dining
37462E,"PET MUG, GOLDFISH",0.2475,27,5.59,Kitchen & Dining
37464,ROBOT MUG IN DISPLAY BOX,1.25,3,3.75,Kitchen & Dining
37467,PIG MUG IN TWO COLOUR DESIGNS,0.5154545454545455,128,60.04,Kitchen & Dining
37468,HARDMAN MUG 3 ASSORTED,0.38999999999999996,63,24.57,Kitchen & Dining
37471,MULTICOLOUR POLKADOT PLATE,0.85,12,10.2,Kitchen & Dining
37475,SET/4 COLOURFUL MIXING BOWLS,9.748620689655171,56,522.16,Kitchen & Dining
37476,CONDIMENT TRAY 4 BOWLS AND 4 SPOONS,9.787777777777777,17,160.39,Kitchen & Dining
37479B,CUBIC MUG FLOCK BLUE ON BROWN,0.898235294117647,127,60.33,Kitchen & Dining
37479P,CUBIC MUG FLOCK PINK ON BROWN,0.5957142857142858,118,52.5,Kitchen & Dining
37482P,CUBIC MUG PINK POLKADOT,0.6368571428571428,477,216.26999999999998,Kitchen & Dining
37487B,YELLOW/ORANGE FLOWER DESIGN PLATE,0.29,68,19.72,Kitchen & Dining
37488A,YELLOW PINK FLOWER DESIGN BIG BOWL,0.38999999999999996,28,10.92,Kitchen & Dining
37489A,YELLOW/PINK FLOWER DESIGN BIG MUG,0.494,33,14.43,Kitchen & Dining
37489B,BLUE/YELLOW FLOWER DESIGN BIG MUG,0.65,31,16.77,Kitchen & Dining
37489C,GREEN/BLUE FLOWER DESIGN BIG MUG,0.78,23,13.65,Kitchen & Dining
37489D,PINK/GREEN FLOWER DESIGN BIG MUG,0.48176470588235293,40,17.16,Kitchen & Dining
37491B,BLUE/YELLOW CERAMIC CANDLE HOLDER,1.65,4,6.6,Lighting
37491C,GREEN/BLUE CERAMIC CANDLE HOLDER,1.65,8,13.2,Lighting
37491D,PURPLE/BLUE CERAMIC CANDLE HOLDER,1.65,2,3.3,Lighting
37495,FAIRY CAKE BIRTHDAY CANDLE SET,3.7309523809523806,428,1547.4,Lighting
37500,TEA TIME TEAPOT IN GIFT BOX,6.266,338,1972.46,Storage
37501,TEA TIME TEA SET IN GIFT BOX,6.95,102,708.9000000000001,Storage
37509,NEW ENGLAND MUG W GIFT BOX,2.55,2,5.1,Kitchen & Dining
40001,WHITE BAMBOO RIBS LAMPSHADE,0.82,755,573.7099999999999,Lighting
40003,WHITE BAMBOO RIBS LAMPSHADE,1.2227272727272727,147,154.95,Lighting
40005B,BLUE ORGANDY ROUND LAMPSHADE W BEA,0.85,12,10.2,Lighting
40016,CHINESE DRAGON PAPER LANTERNS,0.5113333333333333,5524,1870.7,Lighting
40046A,RED DAISY PAPER LAMPSHADE,1.25,50,62.5,Lighting
44089A,PINK GAUZE BUTTERFLY LAMPSHADE,0.42,15,6.3,Lighting
44089C,LILAC GAUZE BUTTERFLY LAMPSHADE,0.42,24,10.08,Lighting
44091A,BLUE CRUSOE CHECK LAMPSHADE,0.42,9,3.78,Lighting
44092B,BLUE WHITE PLASTIC RINGS LAMPSHADE,0.85,14,11.899999999999999,Lighting
44092C,PURPLE/COPPER HANGING LAMPSHADE,0.85,18,15.299999999999999,Lighting
44228,CANNABIS LEAF BEAD CURTAIN,0.85,36,30.599999999999998,Other
44234,ASSORTED CIRCULAR MOBILE,0.207,640,119.99999999999999,Other
44235,ASS COL CIRCLE MOBILE,0.41600000000000004,538,200.04,Other
44236,PINK/PURPLE CIRCLE CURTAIN,1.3414285714285714,52,56.52,Other
44242A,LILAC FEATHERS CURTAIN,0.79,12,9.48,Other
44242B,PINK FEATHERS CURTAIN,0.9433333333333334,52,50.28,Other
44265,M/COLOUR POM-POM CURTAIN,4.25,2,8.5,Other
45013,FOLDING SHOE TIDY,2.95,3,8.850000000000001,Other
46000M,POLYESTER FILLER PAD 45x45cm,1.55,1008,1562.4,Other
46000P,POLYESTER FILLER PAD 65CMx65CM,4.25,17,72.25,Other
46000R,POLYESTER FILLER PAD 45x30cm,1.45,101,146.45,Other
46000S,POLYESTER FILLER PAD 40x40cm,1.45,1551,2248.95,Other
46000U,POLYESTER FILLER PAD 30CMx30CM,1.25,107,133.75,Other
46115B,GREEN POP ART MAO CUSHION COVER,0.19,12,2.28,Other
46118,FUNKY MONKEY CUSHION COVER,0.85,193,164.04999999999998,Other
46126A,ELVIS WALLHANGING / CURTAIN,1.25,48,60.0,Other
46138B,BLUE CHENILLE SHAGGY CUSHION COVER,1.0333333333333334,43,43.15,Other
46775D,SUNSET COLOUR CHUNKY KNITTED THROW,16.95,24,406.8,Other
46776A,WOVEN BUBBLE GUM CUSHION COVER,4.95,14,69.30000000000001,Other
46776B,WOVEN BERRIES CUSHION COVER,4.95,15,74.25,Other
46776C,WOVEN FROST CUSHION COVER,4.95,11,54.45,Other
46776D,WOVEN SUNSET CUSHION COVER,4.95,12,59.400000000000006,Other
46776E,WOVEN CANDY CUSHION COVER,4.95,14,69.3,Other
46776F,WOVEN ROSE GARDEN CUSHION COVER,4.95,19,94.05000000000001,Other
47013A,WINE BOTTLE DRESSING LT.BLUE,0.205,14,3.0399999999999996,Fashion
47013C,WINE BOTTLE DRESSING DARK BLUE,0.1442857142857143,43,5.5,Fashion
47016,LIGHT DECORATION BATTERY OPERATED,2.1,2,4.2,Lighting
47021G,SET/6 BEAD COASTERS GAUZE BAG GOLD,0.6193333333333334,518,230.39999999999998,Bags & Accessories
47310M,"SMALL POP BOX,FUNKY MONKEY",1.3279166666666666,265,326.73,Storage
47341A,FUSCHIA TABLE RUN FLOWER,1.75,27,38.75,Other
47341B,BLUE TABLE RUN FLOWER,1.25,45,56.25,Other
47343A,FUSCHIA FLOWER PURSE WITH BEADS,0.9714285714285714,159,145.17000000000002,Bags & Accessories
47344B,BLUE FLOWER DES PURSE,0.9700000000000001,44,43.66,Bags & Accessories
47348A,FUSCHIA VOILE POINTY SHOE DEC,0.702,97,50.31,Other
47351B,BLUE  VOILE LAMPSHADE,2.905555555555556,86,234.50000000000003,Lighting
47367B,PAIR PADDED HANGERS PINK CHECK,3.6772727272727277,57,194.55,Other
47369A,PINK GREEN EMBROIDERY COSMETIC BAG,2.9500000000000006,8,23.6,Bags & Accessories
47369B,BLUE GREEN EMBROIDERY COSMETIC BAG,3.896666666666667,3,11.690000000000001,Bags & Accessories
47420,ASSORTED COLOUR SUCTION CUP HOOK,0.19,196,37.24,Kitchen & Dining
47421,ASSORTED COLOUR LIZARD SUCTION HOOK,0.41600000000000004,970,382.92,Other
47422,ASSORTED MONKEY SUCTION CUP HOOK,0.416,519,205.02,Kitchen & Dining
47469,ASSORTED SHAPES PHOTO CLIP SILVER,0.6335714285714287,355,164.51,Other
47471,RAINBOW PEGS PHOTO CLIP STRING,0.7075,262,148.88,Other
47480,HANGING PHOTO CLIP ROPE LADDER,1.8553846153846152,690,1089.58,Other
47481,50CM METAL STRING WITH  7 CLIPS,0.8410526315789474,221,163.37,Other
47503A,ASS FLORAL PRINT MULTI SCREWDRIVER,0.503855421686747,2730,1251.61,Other
47503H,ASS FLORAL PRINT SPIRIT LEVEL,1.1214285714285714,95,90.13,Other
47503J,SET/3 FLORAL GARDEN TOOLS IN BAG,7.95,1,7.95,Bags & Accessories
47504H,ENGLISH ROSE SPIRIT LEVEL,1.2371739130434782,948,860.88,Other
47504K,ENGLISH ROSE GARDEN SECATEURS,1.0948314606741574,1957,1825.99,Other
47518F,ICON PLACEMAT POP ART ELVIS,0.14142857142857143,827,113.64,Other
47556B,TEA TIME TEA TOWELS,2.325,2600,6045.0,Other
47559B,TEA TIME OVEN GLOVE,1.2812345679012345,2001,2412.92,Other
47563A,RETRO LONGBOARD IRONING BOARD COVER,1.3055555555555556,198,250.0,Other
47566,PARTY BUNTING,4.876220302375811,15279,68785.23000000001,Other
47566B,TEA TIME PARTY BUNTING,4.860191082802548,2288,10430.400000000001,Other
47567B,TEA TIME KITCHEN APRON,5.950082644628099,585,3248.07,Other
47570B,TEA TIME TABLE CLOTH,10.400769230769232,180,1642.68,Other
47574A,ENGLISH ROSE SCENTED HANGING FLOWER,1.2303921568627452,422,365.5,Other
47574B,ENGLISH ROSE SCENTED HANGING HEART,4.25,4,17.0,Home Decor
47578A,ENGLISH ROSE SMALL SCENTED FLOWER,0.85,192,163.2,Other
47579,TEA TIME BREAKFAST BASKET,2.1,1,2.1,Storage
47580,TEA TIME DES TEA COSY,2.569868421052631,328,813.61,Other
47585A,PINK FAIRY CAKE CUSHION COVER,3.75,102,382.5,Other
47586A,PINK FAIRY CAKE CUSHION COVER,2.55,21,53.55,Other
47589,CONGRATULATIONS BUNTING,5.45,13,70.85,Other
47590A,BLUE HAPPY BIRTHDAY BUNTING,5.468084507042254,1948,10096.62,Other
47590B,PINK HAPPY BIRTHDAY BUNTING,5.412222222222223,2283,11666.35,Other
47591B,SCOTTIES CHILDRENS APRON,1.65,38,62.7,Other
47591D,PINK FAIRY CAKE CHILDRENS APRON,1.9740806045340051,3140,5815.5599999999995,Other
47593A,CAROUSEL PONIES BABY BIB,0.5853846153846154,33,14.37,Other
47593B,SCOTTIE DOGS BABY BIB,0.4895833333333333,1663,676.39,Other
47594A,CAROUSEL DESIGN WASHBAG,1.9499999999999997,52,101.39999999999999,Bags & Accessories
47594B,SCOTTIES DESIGN WASHBAG,1.95,91,177.45,Bags & Accessories
47599A,PINK PARTY BAGS,2.069109589041096,2409,4481.62,Bags & Accessories
47599B,BLUE PARTY BAGS,2.0772222222222223,1451,2728.94,Bags & Accessories
48111,DOORMAT 3 SMILEY CATS,7.788914285714285,1104,6690.8,Other
48116,DOORMAT MULTICOLOUR STRIPE,7.6978723404255325,1418,8045.2699999999995,Other
48129,DOORMAT TOPIARY,7.966775956284153,880,5644.46,Other
48138,DOORMAT UNION FLAG,7.796138996138996,3614,23622.54,Other
48173C,DOORMAT BLACK FLOCK,7.738554913294798,1784,9797.75,Other
48184,DOORMAT ENGLISH ROSE,7.776011235955057,1972,13447.1,Other
48185,DOORMAT FAIRY CAKE,7.906198347107438,3427,21171.79,Other
48187,DOORMAT NEW ENGLAND,7.813996247654783,3698,22783.8,Other
48188,DOORMAT WELCOME PUPPIES,7.909246031746032,2027,11536.25,Other
48194,DOORMAT HEARTS,7.949064449064449,3268,19924.66,Home Decor
51008,AFGHAN SLIPPER SOCK PAIR,3.4236842105263157,511,1662.95,Other
51014A,"FEATHER PEN,HOT PINK",0.5129936305732484,3573,1758.8899999999999,Other
51014C,"FEATHER PEN,COAL BLACK",0.5413513513513514,2438,1170.8999999999999,Other
51014L,"FEATHER PEN,LIGHT PINK",0.5336792452830189,1924,941.3399999999999,Lighting
51020A,SUMMER FUN DESIGN SHOWER CAP,0.5566666666666666,325,116.32999999999998,Other
51020B,STRIPY DESIGN SHOWER CAP,0.6739999999999999,197,70.57,Other
62018,SOMBRERO,1.8076271186440676,4402,5691.5,Other
62043B,BLUE CHECK BAG W HANDLE 34X20CM,0.8299999999999998,17,14.110000000000001,Bags & Accessories
62074B,ELEPHANT CLIP W SUCTION CUP,0.42,16,6.72,Kitchen & Dining
62086A,PINK RETRO BIG FLOWER BAG,1.9499999999999997,86,167.7,Bags & Accessories
62094B,TURQ ICE CREAM BUM BAG,2.55,13,33.150000000000006,Bags & Accessories
62096A,PINK/YELLOW FLOWERS HANDBAG,1.25,106,132.5,Bags & Accessories
62096B,PURPLE/TURQ FLOWERS HANDBAG,1.25,2,2.5,Bags & Accessories
62097B,BLUE STRIPES SHOULDER BAG,0.83,9,7.470000000000001,Bags & Accessories
70006,LOVE HEART POCKET WARMER,1.2315,2619,1656.05,Home Decor
70007,HI TEC ALPINE HAND WARMER,1.385925925925926,728,632.76,Other
71038,WHITE HANGING BEADS CANDLE HOLDER,5.3999999999999995,238,1239.5,Lighting
71050,SMALL SINGLE FLAME CANDLE HOLDER,0.3499999999999999,33,11.55,Lighting
71053,WHITE METAL LANTERN,3.7688326848249027,1633,5893.45,Lighting
71101E,STANDING FAIRY POLE SUPPORT,0.8322727272727272,346,278.5,Other
71143,SILVER BOOK MARK WITH BEADS,0.85,10,8.5,Other
71215,METAL BASE FOR CANDLES,0.42,11,4.62,Lighting
71270,PHOTO CLIP LINE,1.2878125,204,256.21,Other
71279,PINK GLASS CANDLEHOLDER,2.935714285714286,155,447.65000000000003,Lighting
71403,"PINK/WHITE ""KEEP CLEAN"" BULLET BIN",2.95,53,156.35000000000002,Other
71406C,BLACK ORANGE SQUEEZER,0.42000000000000004,138,57.96,Other
71459,HANGING JAM JAR T-LIGHT HOLDER,0.8327105263157895,12941,10031.45,Lighting
71477,COLOUR GLASS. STAR T-LIGHT HOLDER,3.5367293233082706,6650,20041.22,Lighting
71495A,CD WALL TIDY BLUE OFFICE,0.36,96,34.56,Other
71495B,CD WALL TIDY RED FLOWERS,0.384,160,58.56,Other
71496A,A4 WALL TIDY BLUE OFFICE,0.554,114,61.86000000000001,Other
71496B,A4 WALL TIDY RED FLOWERS,0.56,13,7.37,Other
71510,SQUARE METAL CANDLEHOLDER BASE,0.8099999999999999,52,36.519999999999996,Lighting
72024U,LILAC VOTIVE CANDLE,0.21,72,15.120000000000001,Lighting
72051S,BAG OF SILVER STONES,0.42000000000000004,45,18.9,Bags & Accessories
72122,COFFEE SCENT PILLAR CANDLE,0.95,291,276.45,Lighting
72127,COLUMBIAN CANDLE ROUND,1.2436666666666667,168,208.1,Lighting
72128,COLUMBIAN CANDLE ROUND,0.8372727272727273,189,145.53,Lighting
72130,COLUMBIAN CANDLE ROUND,0.6356,215,126.78999999999999,Lighting
72131,COLUMBIAN CANDLE RECTANGLE,1.8999999999999997,136,236.39999999999998,Lighting
72132,COLUMBIAN CUBE CANDLE,1.95,28,54.599999999999994,Lighting
72133,COLUMBIAN CANDLE RECTANGLE,1.25,39,48.75,Lighting
72134,COLUMBIAN  CUBE CANDLE,0.7424999999999999,98,47.18,Lighting
72140E,BEST DAD CANDLE LETTERS,0.85,31,26.349999999999998,Lighting
72225C,LAVENDER SCENT CAKE CANDLE,0.27999999999999997,600,158.64,Lighting
72232,FENG SHUI PILLAR CANDLE,0.19,3317,630.23,Lighting
72349B,SET/6 PURPLE BUTTERFLY T-LIGHTS,2.0823655913978496,687,1314.7800000000002,Lighting
72351A,SET/6 TURQUOISE BUTTERFLY T-LIGHTS,2.0819117647058825,1234,2384.76,Lighting
72351B,SET/6 PINK  BUTTERFLY T-LIGHTS,2.0712738853503185,2058,3856.0400000000004,Lighting
72369A,PINK CLEAR GLASS CANDLE PLATE,1.25,28,35.0,Lighting
72586,SET OF 6 HALLOWEEN GHOST T-LIGHTS,0.42,624,262.08,Lighting
72598,SET/12 TAPER CANDLES,0.8402325581395349,459,364.95,Lighting
72709,IVORY SCULPTED RND CANDLE,0.85,44,37.39999999999999,Lighting
72741,GRAND CHOCOLATECANDLE,1.4284,5783,7758.95,Lighting
72760B,VINTAGE CREAM 3 BASKET CAKE STAND,9.885111111111112,385,3667.23,Storage
72780,BLACK SILOUETTE CANDLE PLATE,0.85,137,116.44999999999999,Lighting
72783,BLACK SIL'T SQU CANDLE PLATE,2.1,16,33.6,Lighting
72798C,SET/4 GARDEN ROSE DINNER CANDLE,1.6499999999999997,7,11.549999999999999,Lighting
72799C,PINK PILLAR CANDLE SILVER FLOCK,2.23,80,123.68,Lighting
72799E,IVORY PILLAR CANDLE SILVER FLOCK,2.5532653061224493,393,725.19,Lighting
72799F,IVORY PILLAR CANDLE GOLD FLOCK,2.930952380952381,127,365.05,Lighting
72800B,4 PURPLE FLOCK DINNER CANDLES,2.312162162162162,138,265.65999999999997,Lighting
72800C,4 PINK DINNER CANDLE SILVER FLOCK,2.2566666666666664,124,229.96,Lighting
72800D,4 BLUE DINNER CANDLES SILVER FLOCK,2.55,85,216.75,Lighting
72800E,4 IVORY DINNER CANDLES SILVER FLOCK,2.308989898989899,450,913.74,Lighting
72801C,4 ROSE PINK DINNER CANDLES,1.2364285714285714,138,163.38,Lighting
72801D,4 SKY BLUE DINNER CANDLES,1.25,58,72.5,Lighting
72801G,4 BURGUNDY WINE DINNER CANDLES,1.25,43,53.75,Lighting
72802A,ROSE SCENT CANDLE IN JEWELLED BOX,4.3878571428571425,315,1271.67,Lighting
72802B,OCEAN SCENT CANDLE IN JEWELLED BOX,4.0116000000000005,968,1749.94,Lighting
72802C,VANILLA SCENT CANDLE JEWELLED BOX,4.036666666666667,1374,2541.12,Lighting
72803A,ROSE SCENT CANDLE JEWELLED DRAWER,4.15625,528,714.0,Lighting
72807A,SET/3 ROSE CANDLE IN JEWELLED BOX,4.230298507462686,339,1402.03,Lighting
72807B,SET/3 OCEAN SCENT CANDLE JEWEL BOX,4.2335,348,1435.0,Lighting
72807C,SET/3 VANILLA SCENTED CANDLE IN BOX,4.226428571428571,669,2727.97,Lighting
72811,SMALL ZINC/GLASS CANDLEHOLDER,1.45,49,67.25,Lighting
72812,LARGE ZINC GLASS CANDLEHOLDER,3.115,18,49.98,Lighting
72815,3 WICK CHRISTMAS BRIAR CANDLE,3.75,2,7.5,Lighting
72816,SET/3 CHRISTMAS DECOUPAGE CANDLES,1.2583870967741935,826,841.5600000000001,Lighting
72817,SET OF 2 CHRISTMAS DECOUPAGE CANDLE,0.935,1048,961.4,Lighting
72818,CHRISTMAS DECOUPAGE CANDLE,0.5966153846153847,1821,782.77,Lighting
72819,CUPID DESIGN SCENTED CANDLES,2.188333333333333,208,436.40000000000003,Lighting
72821,CUPID SCENTED CANDLE IN GLASS,1.65,11,18.15,Lighting
75011,BLUE DAISY MOBILE,0.7999999999999999,172,138.76,Other
75013B,"STRING OF 8 BUTTERFLIES,PINK",1.65,25,41.25,Other
75049L,LARGE CIRCULAR MIRROR MOBILE,1.1155737704918032,6809,6092.049999999999,Other
75131,METAL TUBE CHIME ON BAMBOO,1.5692307692307692,488,522.5600000000001,Other
75172,PAINTED SEA SHELL METAL WINDCHIME,1.53,93,85.31,Other
75178,ASSTD COL BUTTERFLY/CRYSTAL W/CHIME,0.9733333333333333,455,210.19,Other
77079,DOLPHIN WINDMILL,2.12,1,2.12,Other
77101A,UNION FLAG WINDSOCK,1.231,385,421.97,Other
78033,FLAG OF ST GEORGE CHAIR,5.464285714285714,37,179.35,Other
78034B,BLUE NETTING STORAGE HANGER,1.95,8,15.6,Storage
78124,MAGAZINE RACK GEBRA ASSORTED,1.338235294117647,190,246.5,Other
79000,MOROCCAN TEA GLASS,0.8205263157894737,3784,2741.2,Kitchen & Dining
79026B,"S/4 ICON COASTER,ELVIS LIVES",0.4855555555555556,25,10.61,Other
79030D,"TUMBLER, BAROQUE",0.5579999999999999,456,215.64,Other
79030G,"TUMBLER, NEW ENGLAND",0.5596153846153846,1358,607.74,Other
79051A,SMOKEY GREY COLOUR D.O.F. GLASS,0.33421052631578946,783,261.63,Kitchen & Dining
79062D,"RETRO TIN ASHTRAY,REVOLUTIONARY",0.38,52,19.4,Other
79063C,"RETRO PILL BOX KEY CHAIN,THE KING",0.18928571428571428,235,43.65,Storage
79063D,"RETRO PILL BOX , REVOLUTIONARY",0.189,188,34.72,Storage
79066K,RETRO MOD TRAY,0.9029090909090909,739,618.13,Other
79067,CORONA MEXICAN TRAY,3.7055555555555557,143,496.25,Other
79071B,ENGLISH ROSE METAL WASTE BIN,2.95,20,59.0,Other
79144B,PAINTED LIGHTBULB STAR+ MOON,0.41333333333333333,107,42.54,Lighting
79144C,PAINTED LIGHTBULB RAINBOW DESIGN,0.4033333333333333,63,24.06,Lighting
79149B,SILICON STAR BULB  BLUE,0.42,18,7.56,Other
79151B,"SILICON CUBE 25W, BLUE",0.42,11,4.62,Other
79157B,UBO-LIGHT TRIOBASE BLUE,0.85,4,3.4,Lighting
79157V,UBO-LIGHT TRIOBASE PURPLE,0.85,5,4.25,Lighting
79160,HEART SHAPE WIRELESS DOORBELL,2.0598039215686272,443,792.5400000000001,Home Decor
79161A,ST GEORGE SET OF 10 PARTY LIGHTS,2.95,2,5.9,Lighting
79163,BLACK CHAMPAGNE GLASS,0.5045454545454545,1517,621.87,Kitchen & Dining
79164,BLACK WINE GLASS,0.642,1666,697.62,Kitchen & Dining
79190A,RETRO PLASTIC 70'S TRAY,0.42,340,142.8,Other
79190B,RETRO PLASTIC POLKA TRAY,0.41714285714285715,655,245.1,Other
79190D,RETRO PLASTIC DAISY TRAY,0.42,227,95.34,Other
79191B,RETRO PLASTIC POLKA TRAY,0.8499999999999999,154,130.9,Other
79191C,RETRO PLASTIC ELEPHANT TRAY,0.8364615384615384,1105,812.53,Other
79191D,RETRO PLASTIC DAISY TRAY,0.85,25,21.249999999999996,Other
79192A,RETRO PLASTIC 70'S TRAY,1.25,3,3.75,Other
79302M,"ART LIGHTS,FUNK MONKEY",2.85,355,950.45,Lighting
79321,CHILLI LIGHTS,5.4284452975047985,9646,46265.11,Lighting
79323B,BLACK CHERRY LIGHTS,6.75,8,54.0,Lighting
79323P,PINK CHERRY LIGHTS,6.75,4,27.0,Lighting
79329,PINK FLOCK GLASS CANDLEHOLDER,1.015,12,12.18,Lighting
79331,PINK FLOCK GLASS CANDLEHOLDER,0.8033333333333333,26,17.5,Lighting
79336,LIGHT PINK FLOCK GLASS CANDLEHOLDER,0.38000000000000006,36,13.679999999999998,Lighting
79337,BLUE FLOCK GLASS CANDLEHOLDER,0.634,644,259.96,Lighting
79403,FROSTED WHITE BASE,0.85,89,75.64999999999999,Other
79406,FROSTED WHITE BASE,0.22,140,30.8,Other
81950B,FLOWER BLUE CLOCK WITH SUCKER,0.29,116,33.64,Other
81950V,FLOWER PURPLE CLOCK W/SUCKER,0.57,20,8.6,Other
81952B,ROUND BLUE CLOCK WITH SUCKER,0.19,200,38.0,Other
81952V,ROUND PURPLE CLOCK WITH SUCKER,0.19,365,69.35,Other
81953B,ROUND BLUE CLOCK WITH SUCKER,0.19,11,2.09,Other
81953P,ROUND ARTICULATED PINK CLOCK W/SUCK,0.19000000000000003,28,5.32,Other
82001S,VINYL RECORD FRAME SILVER,3.827547169811321,1508,5231.08,Other
82011A,"BATHROOM SCALES, TROPICAL BEACH",3.75,16,60.0,Other
82011B,BATHROOM SCALES RUBBER DUCKS,3.6657894736842107,41,139.35,Other
82011C,BATHROOM SCALES FOOTPRINTS IN SAND,3.6700000000000004,51,172.05,Other
82095,HEART BUTTONS JEWELLERY BOX,7.65,7,53.550000000000004,Home Decor
82482,WOODEN PICTURE FRAME WHITE FINISH,2.6547505668934237,8256,19945.45,Other
82483,WOOD 2 DRAWER CABINET WHITE FINISH,6.7284375,2324,14573.720000000001,Other
82484,WOOD BLACK BOARD ANT WHITE FINISH,7.462615894039735,5913,34414.71,Other
82486,WOOD S/3 CABINET ANT WHITE FINISH,8.681103202846975,2071,17467.329999999998,Other
82494L,WOODEN FRAME ANTIQUE WHITE,2.9328921568627453,6268,17583.77,Other
82551,LAUNDRY 15C METAL SIGN,1.4927450980392156,2791,4229.719999999999,Other
82552,WASHROOM METAL SIGN,1.4685472972972973,2918,4456.57,Other
82567,"AIRLINE LOUNGE,METAL SIGN",2.0566442953020134,495,1007.21,Other
82578,KITCHEN METAL SIGN,0.5614864864864865,1954,1087.46,Other
82580,BATHROOM METAL SIGN,0.5642487046632124,5503,3016.9500000000003,Other
82581,TOILET METAL SIGN,0.5550495049504951,3749,1997.13,Other
82582,AREA PATROLLED METAL SIGN,2.109095744680851,4288,8548.02,Other
82583,HOT BATHS METAL SIGN,2.081275510204082,6367,12731.34,Other
82599,FANNY'S REST STOPMETAL SIGN,2.0952873563218395,421,879.1800000000001,Other
82600,NO SINGING METAL SIGN,2.0834834123222747,5832,12095.28,Other
82605,OLD DOC RUSSEL METAL SIGN,2.1,14,29.4,Other
82613A,"METAL SIGN,CUPCAKE SINGLE HOOK",1.25,66,82.5,Kitchen & Dining
82613B,"METAL SIGN,CUPCAKE SINGLE HOOK",1.0286666666666666,400,267.6,Kitchen & Dining
82613C,"METAL SIGN,CUPCAKE SINGLE HOOK",1.0032432432432432,360,234.2,Kitchen & Dining
82613D,METAL SIGN CUPCAKE SINGLE HOOK,0.9512,469,270.85,Kitchen & Dining
82615,PINK MARSHMALLOW SCARF KNITTING KIT,2.55,36,91.8,Fashion
82616B,FRAPPUCINO SCARF KNITTING KIT,1.6657142857142857,307,413.83,Fashion
82616C,MIDNIGHT GLAMOUR SCARF KNITTING KIT,1.5763461538461538,277,385.52,Fashion
84006,MAGIC TREE -PAPER FLOWERS,0.8500000000000001,831,706.35,Other
84012,MAGIC SHEEP WOOL GROWING FROM PAPER,1.0826315789473684,1212,1190.0,Other
84016,FLAG OF ST GEORGE CAR FLAG,0.42,25,10.5,Other
84029E,RED WOOLLY HOTTIE WHITE HEART.,4.054829721362229,3676,13311.26,Home Decor
84029G,KNITTED UNION FLAG HOT WATER BOTTLE,4.000835913312693,2465,9313.17,Other
84030E,ENGLISH ROSE HOT WATER BOTTLE,4.272078853046596,1414,5729.66,Other
84031A,CHARLIE+LOLA RED HOT WATER BOTTLE,3.967551020408163,173,498.53,Other
84031B,CHARLIE LOLA BLUE HOT WATER BOTTLE,4.000270270270271,93,338.09,Other
84032A,CHARLIE+LOLA PINK HOT WATER BOTTLE,2.7401886792452834,447,1107.01,Other
84032B,CHARLIE + LOLA RED HOT WATER BOTTLE,2.6450000000000005,651,1333.15,Other
84033,FLAG OF ST GEORGE,1.65,23,37.95,Other
84050,PINK HEART SHAPE EGG FRYING PAN,1.6407389162561576,3134,4370.78,Home Decor
84051,ASS COLOUR GLOWING TIARAS,0.8416,279,211.95,Other
84077,WORLD WAR 2 GLIDERS ASSTD DESIGNS,0.2926059322033898,54319,13558.41,Other
84078A,SET/4 WHITE RETRO STORAGE CUBES,38.86509433962265,357,13007.150000000001,Storage
84086B,YELLOW/BLUE RETRO RADIO,2.95,16,47.2,Other
84086C,PINK/PURPLE RETRO RADIO,2.95,136,401.20000000000005,Other
84192,ASSORTED COLOUR METAL CAT,1.25,111,138.75,Other
84199,GLOW IN DARK DOLPHINS,0.21,128,26.88,Other
84201B,HAPPY BIRTHDAY CARD STRIPEY TEDDY,0.19,13,2.4699999999999998,Other
84201C,HAPPY BIRTHDAY CARD TEDDY/CAKE,0.19,5,0.95,Other
84206A,3 BLACK CATS W HEARTS BLANK CARD,0.19000000000000003,24,4.56,Home Decor
84206B,CAT WITH SUNGLASSES BLANK CARD,0.19,5,0.95,Kitchen & Dining
84206C,CHAMPAGNE TRAY BLANK CARD,0.19,8,1.52,Other
84212,"ASSORTED FLOWER COLOUR ""LEIS""",0.61873786407767,10297,4871.45,Other
84218,BOX/12 CHICK & EGG IN BASKET,1.9434999999999998,122,222.3,Storage
84226,HEN HOUSE W FAMILY IN BARN & NEST,0.8266666666666667,49,34.510000000000005,Other
84227,HEN HOUSE W CHICK IN NEST,0.42,1,0.42,Other
84228,HEN HOUSE W CHICK STANDING,0.41736842105263156,284,113.28,Other
84231,EASTER BUNNY WITH BASKET ON BACK,0.65,105,68.25,Home Decor
84247E,PACK/12 XMAS FUN CARD,2.95,80,236.00000000000003,Other
84247G,"DECOUPAGE,GREETING CARD,",0.42,336,141.12,Other
84247K,"FOLK ART GREETING CARD,pack/12",2.95,22,64.9,Other
84247L,FAWN AND MUSHROOM GREETING CARD,0.42,108,45.36,Other
84247N,PACK/12 BLUE FOLKART CARDS,2.95,22,64.9,Other
84249A,"GREETING CARD,SQUARE, DOUGHNUTS",0.483076923076923,160,68.84,Other
84251B,"GREETING CARD, STICKY GORDON",0.19,157,29.83,Other
84251C,"GREETING CARD, TWO SISTERS.",0.19,24,4.56,Other
84251G,"GREETING CARD, OVERCROWDED POOL.",0.19,180,34.199999999999996,Other
84279B,CHERRY BLOSSOM DECORATIVE FLASK,3.7436842105263155,179,666.93,Home Decor
84279P,CHERRY BLOSSOM  DECORATIVE FLASK,3.7348421052631577,336,1242.72,Home Decor
84306,S/3 PINK SQUARE PLANTERS ROSES,10.95,2,21.9,Other
84313B,BLUE TV TRAY TABLE,3.1884615384615387,76,175.8,Other
84313C,ORANGE TV TRAY TABLE,2.2375,461,908.15,Other
84341B,SMALL PINK MAGIC CHRISTMAS TREE,0.5044117647058823,618,252.23,Home Decor
84347,ROTATING SILVER ANGELS T-LIGHT HLDR,2.6070625,7892,17554.27,Lighting
84352,SILVER CHRISTMAS TREE BAUBLE STAND,16.768181818181816,33,543.35,Home Decor
84356,POMPOM CURTAIN,5.645652173913043,337,1570.15,Other
84358,FLOOR LAMP SHADE WOOD BASE,9.341666666666667,32,287.74,Lighting
84360,TABLE LAMP WHITE SHADE WOOD BASE,5.797058823529412,74,388.3,Lighting
84375,SET OF 20 KIDS COOKIE CUTTERS,2.1499522673031026,4139,8676.27,Other
84378,SET OF 3 HEART COOKIE CUTTERS,1.3282954545454546,6001,7719.34,Home Decor
84380,SET OF 3 BUTTERFLY COOKIE CUTTERS,1.3282306163021869,5287,6711.0,Other
84387A,BIRD ON BRANCH CANVAS SCREEN,1.95,11,21.45,Other
84388,WISE MAN STAR SHAPE EGG PAN,1.02,24,13.139999999999999,Other
84402B,PURPLE DRESS JEWELLERY STAND,0.79,61,48.19,Fashion
84406B,CREAM CUPID HEARTS COAT HANGER,3.8149382716049387,1917,7121.2300000000005,Kitchen & Dining
84415A,PINK FLOCK SUEDE CUSHION COVER,1.25,12,15.0,Other
84415B,BLUE FLOCK CUSHION COVER,2.5,6,12.5,Other
84422,PINK/BLUE DISC/MIRROR STRING,0.4475,551,220.40999999999997,Other
84429A,MEDIUM PINK BUDDHA HEAD,2.95,46,135.70000000000002,Other
84452,METAL RABBIT LADDER EASTER,0.85,74,62.9,Home Decor
84457,SET/3 RABBITS FLOWER SKIPPPING ROPE,0.85,119,101.14999999999999,Other
84459A,PINK METAL CHICKEN HEART,1.477142857142857,670,906.14,Home Decor
84459B,YELLOW METAL CHICKEN HEART,1.4821311475409835,676,938.12,Home Decor
84461,12 PINK HEN+CHICKS IN BASKET,2.55,41,104.55,Storage
84462,3 PINK HEN+CHICKS IN BASKET,1.25,12,15.0,Storage
84465,15 PINK FLUFFY CHICKS IN BOX,2.95,10,29.5,Storage
84466,TOP SECRET PEN SET,1.25,46,57.5,Other
84497,BUTTONS AND STRIPES NOTEBOOK,3.75,13,48.75,Other
84499,BLACK FLOWER CANDLE PLATE,0.85,7,5.949999999999999,Lighting
84507B,STRIPES DESIGN MONKEY DOLL,2.55,31,79.05,Toys & Games
84507C,BLUE CIRCLES DESIGN MONKEY DOLL,2.55,63,160.64999999999998,Toys & Games
84508A,CAMOUFLAGE DESIGN TEDDY,2.4085714285714284,1630,3445.5000000000005,Other
84508B,STRIPES DESIGN TEDDY,2.55,56,142.79999999999998,Other
84508C,BLUE CIRCLES DESIGN TEDDY,2.55,51,130.05,Other
84509A,SET OF 4 ENGLISH ROSE PLACEMATS,3.80705035971223,612,2194.64,Other
84509B,SET OF 4 FAIRY CAKE PLACEMATS,3.75,156,585.0,Other
84509C,SET OF 4 POLKADOT PLACEMATS,3.715217391304348,77,269.55,Other
84509E,SET OF 4 CAROUSEL PLACEMATS,2.385,70,101.06,Other
84509G,SET OF 4 FAIRY CAKE PLACEMATS,2.717391304347826,491,856.25,Other
84510A,SET OF 4 ENGLISH ROSE COASTERS,1.2722602739726028,1058,1289.34,Other
84510C,SET OF 4 POLKADOT COASTERS,1.325625,96,122.42,Other
84510E,SET OF 4 GREEN CAROUSEL COASTERS,1.018888888888889,25,26.05,Other
84519A,TOMATO CHARLIE+LOLA COASTER SET,1.4506557377049178,477,739.19,Other
84519B,CARROT CHARLIE+LOLA COASTER SET,1.336304347826087,425,545.99,Other
84520B,PACK 20 ENGLISH ROSE PAPER NAPKINS,0.8461818181818181,481,388.69,Other
84522,PINK PARTY SUNGLASSES,1.95,12,23.4,Kitchen & Dining
84527,FLAMES SUNGLASSES PINK LENSES,1.9000000000000001,47,84.45,Kitchen & Dining
84531A,PINK KNITTED EGG COSY,0.6900000000000001,140,71.75999999999999,Other
84531B,BLUE KNITTED EGG COSY,0.7020000000000001,149,81.50999999999999,Other
84534B,FAIRY CAKE NOTEBOOK A5 SIZE,0.85,46,39.1,Other
84535A,ENGLISH ROSE NOTEBOOK A6 SIZE,0.6385,398,185.1,Other
84535B,FAIRY CAKES NOTEBOOK A6 SIZE,0.6680733944954129,1272,762.99,Other
84536A,ENGLISH ROSE NOTEBOOK A7 SIZE,0.42364444444444443,2729,1147.0,Other
84536B,FAIRY CAKES NOTEBOOK A7 SIZE,0.4303,1684,655.34,Other
84539,KNITTED RABBIT DOLL,1.65,16,26.4,Toys & Games
84548,CROCHET BEAR RED/BLUE  KEYRING,1.65,15,24.75,Other
84549,CROCHET WHITE RABBIT KEYRING,1.5833333333333333,31,46.349999999999994,Other
84550,CROCHET LILAC/RED BEAR KEYRING,1.65,1,1.65,Other
84551,CROCHET DOG KEYRING,1.65,1,1.65,Other
84558A,3D DOG PICTURE PLAYING CARDS,2.95,290,855.5,Other
84559A,3D SHEET OF DOG STICKERS,0.8685714285714285,272,231.98,Other
84559B,3D SHEET OF CAT STICKERS,0.85,216,183.6,Other
84562A,PINK/WHITE RIBBED MELAMINE JUG,7.95,2,15.9,Other
84563A,PINK & WHITE BREAKFAST TRAY,4.021428571428571,59,198.05,Other
84563B,BLUE & WHITE BREAKFAST TRAY,3.2357142857142858,69,209.55,Other
84568,GIRLS ALPHABET IRON ON PATCHES,0.20304347826086958,11040,2088.0,Other
84569A,PACK 3 IRON ON DOG PATCHES,1.2965384615384616,191,239.96,Other
84569B,PACK 3 FIRE ENGINE/CAR PATCHES,1.25,75,93.75,Other
84569C,PACK 4 FLOWER/BUTTERFLY PATCHES,1.25,1,1.25,Other
84569D,PACK 6 HEART/ICE-CREAM PATCHES,1.2855882352941177,268,337.42,Home Decor
84575A,PINK DOG CANNISTER,3.95,14,39.3,Other
84576,BLUE CAT BISCUIT BARREL PINK HEART,1.9500000000000002,57,111.14999999999999,Home Decor
84580,MOUSE TOY WITH PINK T-SHIRT,3.765573770491803,334,1256.3,Toys & Games
84581,DOG TOY WITH PINK CROCHET SKIRT,3.7608571428571427,164,615.76,Toys & Games
84584,PINK GINGHAM CAT WITH SCARF,2.55,83,211.65,Fashion
84592,CROCHET ROSE PURSE WITH SUEDE BACK,2.95,70,206.50000000000003,Bags & Accessories
84593,CROCHET ROSE DES CLOTHES HANGER,2.95,5,14.750000000000002,Other
84595E,LARGE TORTILLA DESIGN RED BOWL,2.1166666666666667,64,109.8,Kitchen & Dining
84596B,SMALL DOLLY MIX DESIGN ORANGE BOWL,0.48358695652173916,4436,2040.19,Kitchen & Dining
84596E,SMALL LICORICE DES PINK BOWL,0.7702857142857144,391,252.63,Kitchen & Dining
84596F,SMALL MARSHMALLOWS PINK BOWL,0.49737373737373736,3285,1553.25,Kitchen & Dining
84596G,SMALL CHOCOLATES PINK BOWL,0.4859375,1660,774.18,Kitchen & Dining
84596J,MIXED NUTS LIGHT GREEN BOWL,0.5122222222222222,469,205.28,Lighting
84596L,BISCUITS SMALL BOWL LIGHT BLUE,0.48303797468354426,1038,440.94,Lighting
84597B,RETRO BROWN BALL ASHTRAY,1.25,41,51.25,Other
84597C,RETRO PINK BALL ASHTRAY,1.25,46,57.5,Other
84598,BOYS ALPHABET IRON ON PATCHES,0.21000000000000002,1248,262.08,Other
84600,NEW BAROQUE JEWELLERY BOX,7.85,48,367.6,Storage
84609,TALL ROCOCO CANDLE HOLDER,8.352941176470589,90,720.0,Lighting
84613A,PINK NEW BAROQUE FLOCK CANDLESTICK,4.65,6,27.9,Lighting
84613C,BLUE NEW BAROQUE FLOCK CANDLESTICK,4.65,1,4.65,Lighting
84614A,PINK BAROQUE FLOCK CANDLE HOLDER,5.95,2,11.9,Lighting
84616,SILVER ROCCOCO CHANDELIER,29.95,11,329.45,Other
84617,NEW BAROQUE BLACK BOXES,12.75,3,38.25,Storage
84620,BLUE GINGHAM ROSE CUSHION COVER,5.95,2,11.9,Other
84625A,PINK NEW BAROQUECANDLESTICK CANDLE,1.4596774193548387,455,470.75,Lighting
84625C,BLUE NEW BAROQUE CANDLESTICK CANDLE,1.5250000000000001,439,478.15,Lighting
84629,WHITE 3 FRAME BIRDS AND TREE,10.05,20,150.0,Other
84631,FRUIT TREE AND BIRDS WALL PLAQUE,7.949999999999999,16,127.2,Other
84632,DECORATIVE HANGING SHELVING UNIT,59.95,6,359.70000000000005,Home Decor
84637,KITCHEN FLOWER POTS WALL PLAQUE,5.950000000000001,29,172.55,Other
84638,SMALL KITCHEN FLOWER POTS PLAQUE,6.95,19,132.05,Other
84658,WHITE STITCHED CUSHION COVER,7.028823529411765,44,308.48,Other
84659A,WHITE TRAVEL ALARM CLOCK,2.4695454545454543,134,314.31,Other
84660A,WHITE STITCHED WALL CLOCK,1.3680555555555556,837,761.9,Other
84660B,BLACK STITCHED WALL CLOCK,1.3410344827586207,695,684.65,Other
84660C,PINK STITCHED WALL CLOCK,1.0018518518518518,639,590.57,Other
84661A,WHITE SQUARE TABLE CLOCK,2.129090909090909,94,132.99,Other
84661B,BLACK SQUARE TABLE CLOCK,2.5658333333333334,95,225.49,Other
84661C,PINK SQUARE TABLE CLOCK,1.494,62,70.10000000000001,Other
84663A,GRASS HOPPER WOODEN WALL CLOCK,2.1212,260,324.04,Other
84665,SQUARE CHERRY BLOSSOM CABINET,5.95,105,624.75,Other
84666,SQUARE CHERRY BLOSSOM CABINET,3.95,24,94.80000000000001,Other
84673A,PINK FLY SWAT,0.6500000000000001,63,40.95,Other
84673B,BLUE FLY SWAT,0.86,135,114.21,Other
84674,FLYING PIG WATERING CAN,2.825609756097561,186,426.3,Other
84675,FROG KING WATERING CAN,2.95,9,26.55,Other
84678,CLASSICAL ROSE SMALL VASE,2.1599999999999997,138,227.1,Other
84679,CLASSICAL ROSE TABLE LAMP,11.95,6,55.7,Lighting
84683,CLASSICAL ROSE CANDLESTAND,0.9928571428571429,187,147.35000000000002,Lighting
84685,BEACH HUT KEY CABINET,3.75,21,78.75,Other
84686,BEACH HUT MIRROR,2.9525,49,66.39,Other
84687,BEACH HUT SHELF W 3 DRAWERS,5.7,70,376.5,Other
84688,BEACH HUT DESIGN BLACKBOARD,4.25,34,144.5,Other
84689,S/2 BEACH HUT TREASURE CHESTS,3.975,3,9.95,Other
84691,PACK 20 DOLLY PEGS,0.7525,242,174.5,Toys & Games
84692,BOX OF 24 COCKTAIL PARASOLS,0.430972972972973,6803,2808.57,Storage
84705C,PINK FLOCK PHOTO FRAME,1.25,12,15.0,Other
84706D,CHERRY BLOSSOM TABLE CLOCK,4.283333333333333,6,25.7,Other
84706F,RED PEONY TABLE CLOCK,2.95,16,47.2,Other
84707A,SILVER JEWELLED MIRROR TRINKET TRAY,9.5512,66,440.73999999999995,Other
84707B,PINK JEWELLED MIRROR TRINKET TRAY,8.873846153846154,29,178.56,Other
84708B,PINK JEWELLED PHOTO FRAME,4.8500000000000005,53,256.75,Other
84709B,PINK OVAL JEWELLED MIRROR,5.95,20,119.0,Other
84711A,SILVER OVAL SHAPE TRINKET BOX,9.95,14,139.29999999999998,Storage
84711B,PINK OVAL SHAPE TRINKET BOX,9.95,15,149.25,Storage
84712B,PINK JEWELLED PHOTO FRAME,7.805454545454546,19,147.87,Other
84715,SET OF 6 ICE CREAM SKITTLES,2.9500000000000006,16,47.2,Other
84723,CHERRY BLOSSOM CANVAS ART PICTURE,3.9499999999999997,41,97.95,Other
84725,FREESTYLE CANVAS ART PICTURE,1.2444444444444445,41,39.65,Other
84731,3 BIRDS CANVAS SCREEN,1.02,2,2.04,Other
84732B,CUTE BIRD CEATURE SCREEN,0.39,22,8.58,Other
84732D,CUTE RABBIT CEATURE SCREEN,0.39,11,4.29,Other
84741C,CITRUS GARLAND FELT FLOWERS,1.95,60,117.0,Other
84743C,ORANGE FELT VASE + FLOWERS,1.25,1,1.25,Other
84744,S/6 SEW ON CROCHET FLOWERS,1.25,108,135.0,Other
84745A,PINK HANGING GINGHAM EASTER HEN,0.42000000000000004,32,13.44,Home Decor
84745B,BLUE HANGING GINGHAM EASTER HEN,0.42000000000000004,32,13.44,Home Decor
84746,PINK EASTER HENS+FLOWER,3.75,3,11.25,Home Decor
84748,FOLK FELT HANGING MULTICOL GARLAND,3.75,24,90.0,Other
84750A,PINK SMALL GLASS CAKE STAND,1.95,24,46.8,Kitchen & Dining
84750B,BLACK SMALL GLASS CAKE STAND,1.17,61,54.99,Kitchen & Dining
84751B,BLACK MEDIUM GLASS CAKE STAND,1.9,17,37.11,Kitchen & Dining
84754,S/15 SILVER GLASS BAUBLES IN BAG,1.2397297297297296,502,586.46,Kitchen & Dining
84755,COLOUR GLASS T-LIGHT HOLDER HANGING,0.648377358490566,15563,9566.51,Lighting
84760S,SMALL HANGING GLASS+ZINC LANTERN,1.45,43,62.349999999999994,Lighting
84763,ZINC FINISH 15CM PLANTER POTS,1.2422448979591836,573,679.01,Other
84766,SILVER ROCOCO CANDLE STICK,3.3785714285714286,146,340.7,Lighting
84773,RED ROSE AND LACE C/COVER,2.95,3,8.850000000000001,Other
84789,ENCHANTED BIRD PLANT CAGE,3.6383720930232557,180,595.8000000000001,Other
84792,ENCHANTED BIRD COATHANGER 5 HOOK,4.666197916666667,774,3470.54,Other
84795B,SUNSET CHECK HAMMOCK,7.8,167,1249.65,Other
84795C,OCEAN STRIPE HAMMOCK,7.95,2,15.9,Other
84796A,PINK HAWAIIAN PICNIC HAMPER FOR 2,12.75,14,178.5,Other
84796B,BLUE SAVANNAH PICNIC HAMPER FOR 2,12.43235294117647,69,793.3499999999999,Other
84798A,PINK FOXGLOVE ARTIIFCIAL FLOWER,2.55,14,35.699999999999996,Other
84798B,PURPLE FOXGLOVE ARTIIFCIAL FLOWER,2.55,7,17.85,Other
84799,SPRIG LAVENDER ARTIFICIAL FLOWER,0.9733333333333333,220,155.48,Other
84800L,LARGE WHITE/PINK ROSE ART FLOWER,1.9245454545454548,360,639.36,Other
84800M,MEDIUM WHITE/PINK ROSE ART FLOWER,1.5372727272727273,127,174.31,Other
84800S,SMALL WHITE/PINK ROSE ART FLOWER,1.2077777777777778,107,120.07,Other
84801A,PINK HYDRANGEA ART FLOWER,2.1,46,96.60000000000001,Other
84801B,WHITE HYDRANGEA ART FLOWER,2.1,22,46.2,Other
84802A,WHITE ANEMONE ARTIFICIAL FLOWER,1.69,2,3.38,Other
84802B,PURPLE ANEMONE ARTIFICIAL FLOWER,1.69,4,6.76,Other
84803B,WHITE ALLIUM  ARTIFICIAL FLOWER,1.6900000000000002,15,25.35,Other
84804A,CREAM DELPHINIUM ARTIFICIAL FLOWER,2.68,70,180.58,Other
84804B,BLUE DELPHINIUM ARTIFICIAL FLOWER,2.23,99,188.37000000000003,Other
84805A,CREAM CLIMBING HYDRANGA ART FLOWER,2.0833333333333335,30,52.5,Other
84805B,BLUE CLIMBING HYDRANGA ART FLOWER,2.0833333333333335,38,52.5,Other
84806A,PINK CANDYSTUFT ARTIFICIAL FLOWER,1.0645454545454545,137,96.88999999999999,Other
84806B,WHITE CANDYSTUFT ARTIFICIAL FLOWER,1.3836842105263158,296,394.15999999999997,Other
84809A,WHITE CHRYSANTHEMUMS ART FLOWER,2.1,38,79.8,Other
84809B,PINK CHRYSANTHEMUMS ART FLOWER,2.1,18,37.8,Other
84813,SET OF 4 DIAMOND NAPKIN RINGS,9.359545454545454,145,1146.97,Other
84816,DANISH ROSE BEDSIDE CABINET,39.95,13,519.35,Other
84817,DANISH ROSE DECORATIVE PLATE,1.4351785714285714,951,710.64,Kitchen & Dining
84818,DANISH ROSE PHOTO FRAME,1.3489898989898987,1423,1460.81,Other
84819,DANISH ROSE ROUND SEWING BOX,2.2196774193548388,811,951.79,Storage
84820,DANISH ROSE TRINKET TRAYS,3.877741935483871,259,483.05,Other
84821,DANISH ROSE DELUXE COASTER,0.614390243902439,935,407.15,Other
84823,DANISH ROSE FOLDING CHAIR,7.95,112,890.4000000000001,Other
84824,DANISH ROSE UMBRELLA STAND,15.95,2,31.9,Other
84826,ASSTD DESIGN 3D PAPER STICKERS,0.54875,1159,386.83,Other
84827,ASS DES PHONE SPONGE CRAFT STICKER,0.465,509,153.09,Other
84828,JUNGLE POPSICLES ICE LOLLY HOLDERS,1.3108849557522124,950,1187.41,Other
84832,ZINC WILLIE WINKIE  CANDLE STICK,0.8724607329842932,2606,2176.1,Lighting
84836,ZINC METAL HEART DECORATION,1.255514403292181,5750,7099.93,Home Decor
84840,SWEETHEART CARRY-ALL BASKET,8.5,3,25.5,Home Decor
84842,HELLO SAILOR BATHROOM SET,3.75,14,52.5,Other
84843,WHITE SOAP RACK WITH 2 BOTTLES,5.857142857142857,161,864.35,Other
84846A,SCENTED CANDLE IN DIGITALIS TIN,2.1,52,109.2,Lighting
84847,FLORAL BATHROOM SET,3.75,20,75.0,Other
84849A,HELLO SAILOR BLUE SOAP HOLDER,1.69,155,261.95,Other
84849B,FAIRY SOAP SOAP HOLDER,1.69,232,392.08,Other
84849D,HOT BATHS SOAP HOLDER,1.69,479,809.51,Other
84854,GIRLY PINK TOOL SET,4.95,5,24.75,Other
84857B,BLUE MONTE CARLO HANDBAG,1.95,24,46.8,Bags & Accessories
84857C,PINK MONTE CARLO HANDBAG,2.76875,95,198.35,Bags & Accessories
84858C,PINK RIVIERA HANDBAG,4.07,185,250.05,Bags & Accessories
84859A,SILVER DISCO HANDBAG,2.2196774193548388,123,248.20999999999998,Bags & Accessories
84859B,BLUE DISCO HANDBAG,2.168,30,60.68,Bags & Accessories
84859C,PINK DISCO HANDBAG,2.348095238095238,83,176.39,Bags & Accessories
84865,NEW BAROQUE BLACK PHOTO ALBUM,5.9772727272727275,24,109.65,Other
84870B,BLUE GEISHA GIRL,3.75,20,75.0,Other
84870C,GREEN GEISHA GIRL,3.75,20,75.0,Other
84872A,TEATIME FUNKY FLOWER BACKPACK FOR 2,16.95,3,50.849999999999994,Other
84873A,FUNKY FLOWER PICNIC BAG FOR 4,16.95,2,33.9,Bags & Accessories
84874B,BLUE TRAVEL FIRST AID KIT,1.65,34,56.1,Other
84875B,GREEN SQUARE COMPACT MIRROR,1.5833333333333333,125,168.75,Other
84875D,BLUE SQUARE COMPACT MIRROR,1.25,51,63.75,Other
84876B,GREEN HEART COMPACT MIRROR,1.25,201,251.25,Home Decor
84876D,BLUE HEART COMPACT MIRROR,2.2916666666666665,124,187.5,Home Decor
84877A,PINK ROUND COMPACT MIRROR,1.25,12,15.0,Other
84877B,GREEN ROUND COMPACT MIRROR,1.25,126,157.5,Other
84877D,BLUE ROUND COMPACT MIRROR,1.7045454545454546,87,121.25,Other
84879,ASSORTED COLOUR BIRD ORNAMENT,1.6807096774193548,35263,56413.03,Other
84880,WHITE WIRE EGG HOLDER,7.047727272727272,301,1881.15,Other
84881,BLUE WIRE SPIRAL CANDLE HOLDER,6.35,11,69.85,Lighting
84882,GREEN WIRE STANDING CANDLE HOLDER,3.75,34,127.5,Lighting
84884A,ANT WHITE WIRE HEART SPIRAL,4.028125,286,1076.66,Home Decor
84898F,YELLOW FLOWERS FELT HANDBAG KIT,2.1,45,94.5,Bags & Accessories
84905,PINK BUTTERFLY CUSHION COVER,4.95,12,59.400000000000006,Other
84906,PINK B'FLY C/COVER W BOBBLES,4.35,28,98.6,Other
84907,PINK YELLOW PATCH CUSHION COVER,7.650000000000001,5,38.25,Other
84910A,PINK PAISLEY CUSHION COVER,5.95,10,59.5,Other
84912A,PINK ROSE WASHBAG,3.75,103,386.25,Bags & Accessories
84912B,GREEN ROSE WASHBAG,3.75,148,555.0,Bags & Accessories
84913A,SOFT PINK ROSE TOWEL,4.65,37,172.05,Other
84913B,MINT GREEN ROSE TOWEL,4.65,70,325.5,Other
84915,HAND TOWEL PINK FLOWER AND DAISY,2.89,199,281.95,Other
84916,HAND TOWEL PALE BLUE W FLOWERS,3.8055555555555554,212,407.4,Other
84917,WHITE HAND TOWEL WITH BUTTERFLY,3.2642857142857147,170,400.5,Other
84919,BLUE CUSHION COVER WITH FLOWER,6.95,29,201.55,Other
84920,PINK FLOWER FABRIC PONY,3.75,71,266.25,Other
84921,CREAM AND PINK FLOWERS PONY,3.75,11,41.25,Other
84922,PINK BUTTERFLY WASHBAG,4.25,8,34.0,Bags & Accessories
84924A,WAKE UP COCKEREL CALENDAR SIGN,4.059166666666667,72,281.13,Other
84924F,PSYCHEDELIC METAL SIGN CALENDAR,0.79,10,7.9,Other
84925D,LA PALMIERA WALL THERMOMETER,2.55,15,38.25,Other
84925F,PSYCHEDELIC WALL THERMOMETER,1.9214285714285713,79,109.93,Other
84926A,WAKE UP COCKEREL TILE COASTER,0.47580645161290325,597,198.08999999999997,Other
84926D,LA PALMIERA TILE COASTER,0.6515624999999999,705,266.64,Other
84926E,FLOWERS TILE COASTER,0.44054054054054054,966,322.88,Other
84926F,PSYCHEDELIC TILE COASTER,0.9091304347826087,423,178.0,Other
84927A,WAKE UP COCKEREL TILE HOOK,1.4892857142857143,46,53.85,Other
84927D,LA PALMIERA TILE HOOK,0.8563636363636363,44,39.39,Other
84927E,FLOWERS TILE HOOK,1.53,57,71.82,Other
84927F,PSYCHEDELIC TILE HOOK,0.7971428571428573,295,166.35,Other
84929,ASSTD FRUIT+FLOWERS FRIDGE MAGNETS,0.2770967741935484,2244,545.16,Other
84931A,PINK SCOTTIE DOG W FLOWER PATTERN,2.55,82,209.1,Other
84931B,BLUE SCOTTIE DOG W FLOWER PATTERN,2.55,131,334.05,Other
84944,SET OF 6 KASHMIR FOLKART BAUBLES,2.1555555555555554,563,1014.75,Other
84945,MULTI COLOUR SILVER T-LIGHT HOLDER,0.8538585209003215,10267,8259.25,Lighting
84946,ANTIQUE SILVER TEA GLASS ETCHED,1.2384604105571848,16436,19193.170000000002,Kitchen & Dining
84947,ANTIQUE SILVER TEA GLASS ENGRAVED,1.2456890459363958,8219,9271.84,Kitchen & Dining
84949,SILVER HANGING T-LIGHT HOLDER,1.6325396825396825,4653,7173.45,Lighting
84950,ASSORTED COLOUR T-LIGHT HOLDER,0.6763636363636364,3349,1983.17,Lighting
84951A,SET OF 4 PISTACHIO LOVEBIRD COASTER,1.0033333333333334,362,314.27,Other
84951B,SET OF 4 BLACK LOVEBIRD COASTERS,1.0784375,334,318.44,Other
84952A,CLEAR LOVE BIRD T-LIGHT HOLDER,4.368333333333333,38,146.21,Lighting
84952B,BLACK LOVE BIRD T-LIGHT HOLDER,3.266153846153846,145,247.46,Lighting
84952C,MIRROR LOVE BIRD T-LIGHT HOLDER,3.0,140,225.0,Lighting
84963A,PINK PAINTED KASHMIRI CHAIR,42.95,4,171.8,Other
84963B,BLUE PAINTED KASHMIRI CHAIR,49.95,3,149.85000000000002,Other
84968A,SET OF 16 VINTAGE ROSE CUTLERY,12.676530612244898,147,1787.85,Other
84968B,SET OF 16 VINTAGE IVORY CUTLERY,12.75,2,25.5,Other
84968C,SET OF 16 VINTAGE PISTACHIO CUTLERY,12.75,94,1198.5,Other
84968D,SET OF 16 VINTAGE RED CUTLERY,13.537741935483872,62,814.92,Other
84968E,SET OF 16 VINTAGE BLACK CUTLERY,13.141363636363637,87,1035.06,Other
84968F,SET OF 16 VINTAGE SKY BLUE CUTLERY,12.69,78,951.3,Other
84969,BOX OF 6 ASSORTED COLOUR TEASPOONS,4.402876712328767,295,1267.99,Storage
84970L,SINGLE HEART ZINC T-LIGHT HOLDER,1.0274777448071217,5699,5663.53,Lighting
84970S,HANGING HEART ZINC T-LIGHT HOLDER,0.8687864077669902,8444,6808.49,Lighting
84971S,SMALL HEART FLOWERS HOOK,0.8574782608695652,1654,1365.5,Home Decor
84974,S/2 ZINC HEART DESIGN PLANTERS,9.95,39,388.04999999999995,Home Decor
84975,HEART SHAPED MIRROR,1.69,5,8.45,Home Decor
84976,RECTANGULAR SHAPED MIRROR,1.000344827586207,502,420.68,Other
84978,HANGING HEART JAR T-LIGHT HOLDER,1.2278856152512998,10961,12650.97,Lighting
84984A,GREEN PEONY CUSHION COVER,4.65,19,88.35,Other
84984B,RED PEONY CUSHION COVER,4.65,17,79.05,Other
84984D,ORIENTAL RED CUSHION COVER,4.65,13,60.45,Other
84985A,SET OF 72 GREEN PAPER DOILIES,1.45,41,59.449999999999996,Other
84987,SET OF 36 TEATIME PAPER DOILIES,1.4633749999999999,2926,4075.7799999999997,Other
84988,SET OF 72 PINK HEART PAPER DOILIES,1.4693181818181817,3953,5565.23,Home Decor
84989A,75 GREEN FAIRY CAKE CASES,0.55,27,14.85,Other
84990,60 GOLD AND SILVER FAIRY CAKE CASES,0.55,2,1.1,Other
84991,60 TEATIME FAIRY CAKE CASES,0.5481696428571429,17664,8604.619999999999,Other
84992,72 SWEETHEART FAIRY CAKE CASES,0.556116504854369,13029,6252.349999999999,Home Decor
84993A,75 GREEN PETIT FOUR CASES,0.42,305,128.1,Other
84993B,75 BLACK PETIT FOUR CASES,0.42,57,23.94,Other
84997A,GREEN 3 PIECE POLKADOT CUTLERY SET,4.080854700854701,2525,9618.29,Other
84997B,RED 3 PIECE RETROSPOT CUTLERY SET,4.044181818181818,4035,15158.81,Other
84997C,BLUE 3 PIECE POLKADOT CUTLERY SET,4.01935064935065,3693,14040.59,Other
84997D,PINK 3 PIECE POLKADOT CUTLERY SET,4.08536299765808,4920,18798.7,Other
85006,SET 4 NURSERY DES ROUND BOXES,1.55,55,57.25,Storage
85008,SET OF 3 CONEY ISLAND OVAL BOXES,4.457142857142857,12,55.95,Storage
85014A,BLACK/BLUE POLKADOT UMBRELLA,6.0967578125,1132,6361.990000000001,Other
85014B,RED RETROSPOT UMBRELLA,6.093861386138614,1841,10217.720000000001,Other
85015,SET OF 12  VINTAGE POSTCARD SET,1.0183185840707965,2128,1590.12,Other
85016,SET OF 6 VINTAGE NOTELETS KIT,1.7139999999999997,522,459.0,Other
85017A,ENVELOPE 50 ROMANTIC IMAGES,0.85,6,5.1,Other
85017B,ENVELOPE 50 BLOSSOM IMAGES,0.4998666666666667,947,491.55,Other
85017C,ENVELOPE 50 CURIOUS IMAGES,0.6154545454545454,49,26.17,Other
85018D,YULETIDE IMAGES S/6 PAPER BOXES,2.55,12,30.6,Storage
85019A,ROMANTIC IMAGES NOTEBOOK SET,1.7857142857142858,409,547.25,Other
85019B,BLOSSOM  IMAGES NOTEBOOK SET,1.37,498,640.5,Other
85019C,CURIOUS  IMAGES NOTEBOOK SET,2.45,181,262.25,Other
85020,ROUND PINK HEART MIRROR,2.1,78,163.8,Home Decor
85023B,EAU DE NILE JEWELLED PHOTOFRAME,2.5124999999999997,104,232.8,Other
85024B,EAU DE NILE JEWELLED PHOTOFRAME,1.633333333333333,193,289.65000000000003,Other
85024C,PINK SMALL JEWELLED PHOTOFRAME,1.65,12,19.799999999999997,Other
85025B,EAU DE NILE HEART SHAPE PHOTO FRAME,1.6404761904761902,303,471.15000000000003,Home Decor
85025C,PINK HEART SHAPE PHOTO FRAME,1.643103448275862,307,476.35,Home Decor
85026B,EAU DE NILE JEWELLED T-LIGHT HOLDER,0.85,75,63.75,Lighting
85027L,FRENCH CHATEAU LARGE PLATTER,2.95,70,160.5,Fashion
85028L,FRENCH CHATEAU LARGE FRUIT BOWL,1.95,10,19.5,Kitchen & Dining
85028S,FRENCH CHATEAU SMALL FRUITBOWL,2.025,24,51.599999999999994,Kitchen & Dining
85030,FRENCH CHATEAU OVAL PLATTER,1.95,15,29.25,Fashion
85031A,ROMANTIC IMAGES SCRAP BOOK SET,3.892857142857143,16,45.9,Other
85031B,BLOSSOM IMAGES SCRAP BOOK SET,4.95,1,4.95,Other
85031C,CURIOUS IMAGES SCRAP BOOK SET,4.95,3,14.85,Other
85032A,ROMANTIC IMAGES GIFT WRAP SET,0.7708333333333334,737,679.15,Other
85032B,BLOSSOM IMAGES GIFT WRAP SET,0.7591397849462367,739,655.8000000000001,Other
85032C,CURIOUS IMAGES GIFT WRAP SET,0.7864705882352943,595,565.1,Other
85032D,YULETIDE IMAGES GIFT WRAP SET,0.871186440677966,630,467.5,Other
85034A,3 GARDENIA MORRIS BOXED CANDLES,2.2916438356164384,489,840.29,Lighting
85034B,3 WHITE CHOC MORRIS BOXED CANDLES,2.0891304347826085,880,1357.44,Lighting
85034C,3 ROSE MORRIS BOXED CANDLES,1.798695652173913,1068,1555.64,Lighting
85035A,GARDENIA 3 WICK MORRIS BOXED CANDLE,3.3316216216216215,260,677.04,Lighting
85035B,CHOCOLATE 3 WICK MORRIS BOX CANDLE,2.5755813953488373,557,816.25,Lighting
85035C,ROSE 3 WICK MORRIS BOX CANDLE,2.2063963963963964,1090,1592.7,Lighting
85036A,GARDENIA 1 WICK MORRIS BOXED CANDLE,3.5028571428571427,199,631.03,Lighting
85036B,CHOCOLATE 1 WICK MORRIS BOX CANDLE,2.078809523809524,352,553.58,Lighting
85036C,ROSE 1 WICK MORRIS BOXED CANDLE,2.3345569620253164,726,1013.52,Lighting
85038,6 CHOCOLATE LOVE HEART T-LIGHTS,2.1428947368421056,1014,1985.8600000000001,Lighting
85039A,SET/4 RED MINI ROSE CANDLE IN BOWL,1.59825,443,583.25,Lighting
85039B,S/4 IVORY MINI ROSE CANDLE IN BOWL,1.6151923076923076,491,669.91,Lighting
85039C,S/4 BLACK MINI ROSE CANDLE IN BOWL,1.3358333333333332,222,129.94,Lighting
85040A,S/4 PINK FLOWER CANDLES IN BOWL,1.7115384615384615,805,1344.89,Lighting
85040B,SET/4 BLUE FLOWER CANDLES IN BOWL,1.65,135,222.75,Lighting
85045,GREEN CHRISTMAS TREE STRING 20LIGHT,4.880000000000001,41,186.15,Lighting
85047,WHITE BEADED GARLAND STRING 20LIGHT,6.35,3,19.049999999999997,Lighting
85048,15CM CHRISTMAS GLASS BALL 20 LIGHTS,7.769444444444445,1266,9374.7,Lighting
85049A,TRADITIONAL CHRISTMAS RIBBONS,1.2925461254612545,2903,3602.8,Home Decor
85049B,LUSH GREENS RIBBONS,1.25,54,67.5,Other
85049C,ROMANTIC PINKS RIBBONS,1.2548571428571427,1196,1468.85,Other
85049D,BRIGHT BLUES RIBBONS,1.25,537,671.25,Other
85049E,SCANDINAVIAN REDS RIBBONS,1.2920234604105572,2741,3492.2,Other
85049F,BABY BOOM RIBBONS,1.25,374,467.5,Other
85049G,CHOCOLATE BOX RIBBONS,1.2739240506329115,1573,1917.58,Storage
85049H,URBAN BLACK RIBBONS,1.194078947368421,447,519.22,Other
85053,FRENCH ENAMEL CANDLEHOLDER,2.1339495798319326,1541,3087.52,Lighting
85054,FRENCH ENAMEL POT W LID,2.784772727272727,549,1227.41,Other
85055,FRENCH ENAMEL UTENSIL HOLDER,3.6700000000000004,37,122.75,Other
85059,FRENCH ENAMEL WATER BASIN,3.358875,290,771.21,Other
85061W,WHITE JEWELLED HEART DECORATION,0.8562608695652174,1968,1594.5,Home Decor
85062,PEARL CRYSTAL PUMPKIN T-LIGHT HLDR,1.666842105263158,1368,2214.87,Lighting
85064,CREAM SWEETHEART LETTER RACK,5.381739130434783,205,866.05,Home Decor
85066,CREAM SWEETHEART MINI CHEST,12.647355555555556,1696,20448.17,Home Decor
85067,CREAM SWEETHEART WALL CABINET,18.55,7,126.65,Home Decor
85071A,BLUE CHARLIE+LOLA PERSONAL DOORSIGN,0.723804347826087,976,512.8,Other
85071B,RED CHARLIE+LOLA PERSONAL DOORSIGN,0.6335238095238095,1245,618.35,Other
85071C,"CHARLIE+LOLA""EXTREMELY BUSY"" SIGN",0.7483561643835616,607,313.78,Other
85071D,CHARLIE+LOLA MY ROOM DOOR SIGN,0.6845454545454546,362,205.98,Other
85078,SCANDINAVIAN 3 HEARTS NAPKIN RING,0.2989230769230769,1746,376.5,Home Decor
85084,HOLLY TOP CHRISTMAS STOCKING,0.85,17,14.45,Home Decor
85086A,CANDY SPOT HEART DECORATION,0.85,45,38.25,Home Decor
85087,CANDY SPOT CUSHION COVER,2.9985714285714287,40,119.36000000000001,Other
85088,CANDY SPOT HAND BAG,2.2738095238095237,188,385.27000000000004,Bags & Accessories
85089,CANDY SPOT BUNNY,2.95,13,38.35,Other
85092,CANDY SPOT TEA COSY,2.3,27,40.05,Other
85093,CANDY SPOT EGG WARMER HARE,0.5947619047619048,451,227.48999999999998,Other
85094,CANDY SPOT EGG WARMER RABBIT,0.29600000000000004,501,122.75,Other
85095,THREE CANVAS LUGGAGE TAGS,2.356,66,128.26,Other
85096,HILDA CANDY SPOT RABBIT,3.75,20,75.0,Other
85099B,JUMBO BAG RED RETROSPOT,2.015969040247678,46078,85040.54,Bags & Accessories
85099C,JUMBO  BAG BAROQUE BLACK WHITE,2.0121189024390245,12771,23630.58,Bags & Accessories
85099F,JUMBO BAG STRAWBERRY,2.006326219512195,16771,30569.32,Bags & Accessories
85103,SILVER T-LIGHT SETTING,6.3500000000000005,91,545.45,Lighting
85104,SILVER GLASS T-LIGHT SET,3.084285714285714,196,502.47999999999996,Lighting
85106,CUT GLASS HEXAGON T-LIGHT HOLDER,2.4544444444444444,528,912.9599999999999,Lighting
85107,CUT GLASS T-LIGHT HOLDER OCTAGON,2.4225925925925926,241,511.35,Lighting
85109,PINK BOUDOIR T-LIGHT HOLDER,0.85,12,10.2,Lighting
85111,SILVER GLITTER FLOWER VOTIVE HOLDER,0.30846153846153845,1395,416.07,Other
85114A,BLACK ENCHANTED FOREST PLACEMAT,1.630952380952381,585,893.25,Other
85114B,IVORY ENCHANTED FOREST PLACEMAT,1.642156862745098,393,624.45,Other
85114C,RED ENCHANTED FOREST PLACEMAT,1.6436507936507936,457,730.0500000000001,Other
85116,BLACK CANDELABRA T-LIGHT HOLDER,1.231578947368421,694,702.8000000000001,Lighting
85118,HEART T-LIGHT HOLDER,1.105,142,135.74,Lighting
85123A,WHITE HANGING HEART T-LIGHT HOLDER,2.8927681660899656,36763,100547.45,Lighting
85124B,BLUE JUICY FRUIT PHOTO FRAME,2.55,82,209.1,Other
85124C,GREEN JUICY FRUIT PHOTO FRAME,2.55,84,214.2,Other
85125,SMALL ROUND CUT GLASS CANDLESTICK,4.794444444444444,127,574.75,Lighting
85127,SMALL SQUARE CUT GLASS CANDLESTICK,4.95,80,396.0,Lighting
85129B,BEADED CRYSTAL HEART GREEN SMALL,1.389375,101,124.11,Home Decor
85129C,BEADED CRYSTAL HEART BLUE SMALL,1.5525,77,99.88,Home Decor
85129D,BEADED CRYSTAL HEART PINK SMALL,1.4991176470588234,165,240.13,Home Decor
85130A,BEADED PEARL HEART WHITE LARGE,1.65,77,127.05,Home Decor
85130B,BEADED CRYSTAL HEART GREEN LARGE,0.9564,816,707.7,Home Decor
85130C,BEADED CRYSTAL HEART BLUE  LARGE,0.9268181818181819,478,424.06,Home Decor
85130D,BEADED CRYSTAL HEART PINK LARGE,1.1207692307692307,552,526.38,Home Decor
85131A,BEADED PEARL HEART WHITE ON STICK,1.2092,469,462.17,Home Decor
85131B,BEADED CRYSTAL HEART GREEN ON STICK,0.8946153846153846,142,120.38,Home Decor
85131C,BEADED CRYSTAL HEART BLUE ON STICK,1.0036363636363637,73,78.71,Home Decor
85131D,BEADED CRYSTAL HEART PINK ON STICK,1.005,115,113.09,Home Decor
85132A,CHARLIE + LOLA BISCUITS TINS,2.8911764705882352,453,963.3499999999999,Other
85132B,CHARLIE AND LOLA TABLE TINS,2.75,513,1048.35,Other
85132C,CHARLIE AND LOLA FIGURES TINS,2.3279527559055118,1404,2817.7999999999997,Other
85135A,YELLOW DRAGONFLY HELICOPTER,7.95,15,119.25,Other
85135B,BLUE DRAGONFLY HELICOPTER,7.95,47,373.65000000000003,Other
85135C,RED DRAGONFLY HELICOPTER,7.95,78,620.1,Other
85136A,YELLOW SHARK HELICOPTER,7.95,50,397.5,Other
85136B,BLUE SHARK HELICOPTER,7.95,2,15.9,Other
85136C,RED SHARK HELICOPTER,7.95,35,278.25,Other
85141,JARDIN ETCHED GLASS FRUITBOWL,5.692105263157895,119,611.65,Kitchen & Dining
85144,JARDIN ETCHED GLASS BUTTER DISH,3.9690476190476187,220,582.7,Kitchen & Dining
85145,JARDIN ETCHED GLASS LARGE BELL JAR,5.303846153846154,37,163.75,Kitchen & Dining
85146,JARDIN ETCHED GLASS SMALL BELL JAR,3.6166666666666663,43,147.85000000000002,Kitchen & Dining
85150,LADIES & GENTLEMEN METAL SIGN,2.5139673913043477,3898,8696.58,Other
85152,HAND OVER THE CHOCOLATE   SIGN,2.1021452702702703,8138,15484.51,Other
85159A,"BLACK TEA,COFFEE,SUGAR JARS",1.9744444444444442,451,779.4499999999999,Other
85159B,"WHITE TEA,COFFEE,SUGAR JARS",2.090677966101695,622,1134.5,Other
85160B,BLACK BIRD GARDEN DESIGN MUG,0.44375000000000003,105,46.11,Kitchen & Dining
85161,ACRYLIC GEOMETRIC LAMP,18.727777777777774,12,221.4,Lighting
85163A,WHITE BAROQUE WALL CLOCK,11.572222222222223,45,349.95,Other
85163B,BLACK BAROQUE WALL CLOCK,11.235714285714286,44,333.6,Other
85167B,BLACK GRAND BAROQUE PHOTO FRAME,3.392857142857143,48,93.0,Other
85168B,BLACK BAROQUE CARRIAGE CLOCK,9.06142857142857,17,149.67,Other
85169A,IVORY LOVE BIRD CANDLE,1.1691836734693877,502,496.72,Lighting
85169B,BLACK LOVE BIRD CANDLE,1.1504,201,191.49,Lighting
85169C,EAU DE NIL LOVE BIRD CANDLE,1.1833333333333333,336,353.72,Lighting
85169D,PINK LOVE BIRD CANDLE,1.1659090909090908,232,236.48000000000002,Lighting
85170A,SET/6 IVORY BIRD T-LIGHT CANDLES,2.1,1,2.1,Lighting
85170B,SET/6 BLACK BIRD T-LIGHT CANDLES,1.8282608695652176,179,195.9,Lighting
85170C,SET/6 EAU DE NIL BIRD T-LIGHTS,1.9544827586206897,252,366.23,Lighting
85170D,SET/6 PINK BIRD T-LIGHT CANDLES,2.1970588235294115,355,497.21,Lighting
85172,HYACINTH BULB T-LIGHT CANDLES,0.42,1296,544.3199999999999,Lighting
85173,SET/6 FROG PRINCE T-LIGHT CANDLES,2.167,434,628.47,Lighting
85174,S/4 CACTI CANDLES,5.038,493,1965.87,Lighting
85175,CACTI T-LIGHT CANDLES,0.4194615384615385,5185,2065.22,Lighting
85176,SEWING SUSAN 21 NEEDLE SET,0.9228,626,542.24,Other
85177,BASKET OF FLOWERS SEWING KIT,0.8821428571428571,774,599.76,Storage
85178,VICTORIAN SEWING KIT,1.2705050505050506,2370,2640.94,Other
85179A,GREEN BITTY LIGHT CHAIN,2.9770588235294118,119,188.31,Lighting
85179C,PINK BITTY LIGHT CHAIN,1.7357142857142858,69,89.65,Lighting
85180A,RED HEARTS LIGHT CHAIN,3.0521052631578947,434,844.34,Lighting
85180B,PINK HEARTS LIGHT CHAIN,3.354761904761905,196,381.0,Lighting
85183A,CHARLIE & LOLA WASTEPAPER BIN BLUE,1.3283132530120483,657,805.75,Other
85183B,CHARLIE & LOLA WASTEPAPER BIN FLORA,1.4042056074766356,977,1228.25,Other
85184C,S/4 VALENTINE DECOUPAGE HEART BOX,2.5513138686131387,1519,2466.63,Home Decor
85185B,PINK HORSE SOCK PUPPET,2.9370967741935488,282,812.7000000000002,Other
85185D,FROG SOCK PUPPET,2.95,15,44.25000000000001,Other
85186A,EASTER BUNNY GARLAND OF FLOWERS,0.42,477,200.34,Home Decor
85186C,BUNNY EGG GARLAND,0.42,413,173.46,Other
85187,S/12 MINI RABBIT EASTER,1.6433333333333333,324,515.4,Home Decor
85188A,GREEN METAL SWINGING BUNNY,0.85,302,256.7,Other
85188B,PINK METAL SWINGING BUNNY,0.85,75,63.74999999999999,Other
85189,HANGING BUTTERFLY  EGG,0.85,9,7.6499999999999995,Other
85194L,HANGING SPRING FLOWER EGG LARGE,0.8476785714285714,900,746.28,Other
85194S,HANGING SPRING FLOWER EGG SMALL,0.466,1163,447.75,Other
85195,HANGING HEART BASKET,2.1,11,23.1,Home Decor
85197,SET OF 12 MINI BUNNIES IN A BUCKET,2.1,32,67.2,Other
85198,ASSORTED FARMYARD ANIMALS IN BUCKET,0.815,86,68.06,Other
85199L,LARGE HANGING IVORY & RED WOOD BIRD,0.6481538461538462,925,598.37,Other
85199S,SMALL HANGING IVORY/RED WOOD BIRD,0.44249999999999995,2227,943.13,Other
85200,BUNNY EGG BOX,1.25,183,228.75,Storage
85202,HANGING WOOD AND FELT HEART,0.42,296,124.32,Home Decor
85203,HANGING WOOD AND FELT BUTTERFLY,0.41888888888888887,569,237.54,Other
85204,HANGING WOOD AND FELT FLOWER,0.1883720930232558,1871,248.88,Other
85205B,PINK FELT EASTER RABBIT GARLAND,2.55,116,295.8,Home Decor
85206A,CREAM FELT EASTER EGG BASKET,1.6423076923076922,914,1446.9,Home Decor
85206B,PINK FELT EASTER EGG BASKET,1.65,14,23.099999999999998,Home Decor
85208,SET/12 FUNKY FELT FLOWER PEG IN BAG,2.0829166666666667,160,296.64000000000004,Bags & Accessories
85211,S/4 GROOVY CAT MAGNETS,1.2321052631578948,142,151.92000000000002,Other
85212,MINI PAINTED GARDEN DECORATION,0.3677142857142857,2427,702.4699999999999,Home Decor
85213,MINI  ZINC GARDEN DECORATIONS,0.5233333333333333,809,297.89,Home Decor
85214,TUB 24 PINK FLOWER PEGS,1.6500000000000001,103,169.95,Other
85215,ASSORTED CHEESE FRIDGE MAGNETS,0.65,163,105.94999999999999,Other
85216,ASSORTED CAKES FRIDGE MAGNETS,0.65,55,35.75,Other
85224,ASSORTED COLOUR SILK GLASSES CASE,2.1,3,6.300000000000001,Kitchen & Dining
85225,BLING KEY RING STAND,1.0833333333333333,6,6.25,Other
85227,SET OF 6 3D KIT CARDS FOR KIDS,0.8744370860927152,1311,1097.73,Other
85230A,OPIUM SCENTED VOTIVE CANDLE,0.2633333333333333,840,203.27999999999997,Lighting
85230B,CINNAMON SCENTED VOTIVE CANDLE,0.27736842105263154,1264,326.23999999999995,Lighting
85230E,STRAWBRY SCENTED VOTIVE CANDLE,0.26666666666666666,1101,267.45,Lighting
85230F,JASMINE VOTIVE CANDLE,0.27666666666666667,338,90.33999999999999,Lighting
85230G,ORANGE VOTIVE CANDLE,0.2708,1032,257.03999999999996,Lighting
85231B,CINAMMON SET OF 9 T-LIGHTS,0.8898198198198198,798,672.06,Lighting
85231G,ORANGE SCENTED SET/9 T-LIGHTS,0.8577611940298507,573,471.45,Lighting
85232A,SET/3 POLKADOT STACKING TINS,4.922000000000001,74,349.5,Other
85232B,SET OF 3 BABUSHKA STACKING TINS,4.95,267,1321.6499999999999,Other
85232D,SET/3 DECOUPAGE STACKING TINS,4.923584905660377,174,827.7,Other
90000A,RASPBERRY ANT COPPER FLOWER NECKLAC,5.95,11,65.45,Other
90000B,MIDNIGHT BLUE COPPER FLOWER NECKLAC,5.95,3,17.85,Other
90000D,COPPER/OLIVE GREEN FLOWER NECKLACE,5.95,6,35.7,Other
90001A,ANTIQUE RASPBERRY FLOWER EARRINGS,4.25,2,8.5,Other
90001B,ANTIQUE MID BLUE FLOWER EARRINGS,4.25,4,17.0,Other
90001C,ANTIQUE OPAL WHITE FLOWER EARRINGS,4.25,2,8.5,Other
90001D,ANTIQUE OLIVE GREEN FLOWER EARRINGS,4.25,5,21.25,Other
90002D,FLOWER BURST SILVER RING CRYSTAL,3.75,10,37.5,Other
90003B,ROSE COLOUR PAIR HEART HAIR SLIDES,3.75,6,22.5,Home Decor
90003C,MIDNIGHT BLUE PAIR HEART HAIR SLIDE,3.75,12,45.0,Home Decor
90003D,CRYSTAL PAIR HEART HAIR SLIDES,3.75,18,67.5,Home Decor
90003E,GREEN PAIR HEART HAIR SLIDES,3.75,8,30.0,Home Decor
90010A,MIDNIGHT BLUE GLASS/SILVER BRACELET,8.95,7,62.64999999999999,Kitchen & Dining
90010B,BLACK/WHITE GLASS/SILVER BRACELET,8.95,7,62.64999999999999,Kitchen & Dining
90010E,AMBER GLASS/SILVER BRACELET,8.95,10,89.5,Kitchen & Dining
90011A,MIDNIGHT BLUE CRYSTAL DROP EARRINGS,2.95,1,2.95,Other
90011B,BLACK CRYSTAL DROP EARRINGS,2.95,7,20.650000000000002,Other
90012A,MIDNIGHT BLUE DROP CRYSTAL NECKLACE,2.95,8,23.6,Other
90012B,BLACK DROP CRYSTAL NECKLACE,2.95,12,35.400000000000006,Other
90013A,MIDNIGHT BLUE VINTAGE EARRINGS,3.75,16,60.0,Other
90013C,GREEN VINTAGE EARRINGS,3.75,11,41.25,Other
90014A,SILVER/MOP ORBIT NECKLACE,7.85,16,103.19999999999999,Other
90014B,GOLD M PEARL  ORBIT NECKLACE,8.2,10,85.5,Other
90014C,SILVER/BLACK ORBIT NECKLACE,7.616666666666666,4,32.8,Other
90016A,SILVER/M.O.P PENDANT ORBIT NECKLACE,7.4375,14,80.75,Other
90016B,GOLD/M.O.P PENDANT ORBIT NECKLACE,8.5,9,76.5,Other
90018A,SILVER M.O.P ORBIT DROP EARRINGS,4.25,17,72.25,Other
90018B,GOLD M.O.P ORBIT DROP EARRINGS,4.25,8,34.0,Other
90018C,SILVER BLACK ORBIT DROP EARRINGS,4.25,6,25.5,Other
90019A,SILVER M.O.P ORBIT BRACELET,4.95,18,89.10000000000001,Other
90019B,GOLD M.O.P ORBIT BRACELET,4.95,2,9.9,Other
90019C,SILVER BLACK ORBIT BRACELET,4.95,4,19.8,Other
90021,LASER CUT MULTI STRAND NECKLACE,11.95,1,11.95,Other
90022,EDWARDIAN DROP EARRINGS JET BLACK,3.75,8,30.0,Other
90023,FILIGREE DIAMANTE EARRINGS,4.25,8,34.0,Other
90024B,NEW BAROQUE B'FLY NECKLACE RED,8.5,4,34.0,Other
90024C,NEW BAROQUE B'FLY NECKLACE GREEN,8.5,2,17.0,Other
90024D,NEW BAROQUE B'FLY NECKLACE PINK,8.5,1,8.5,Other
90024F,NEW BAROQUE B'FLY NECKLACE CRYSTAL,8.5,2,17.0,Other
90025A,BAROQUE BUTTERFLY EARRINGS BLACK,3.75,2,7.5,Other
90025F,BAROQUE BUTTERFLY EARRINGS CRYSTAL,3.75,1,3.75,Other
90026A,GLASS BEAD HOOP NECKLACE BLACK,8.5,2,17.0,Kitchen & Dining
90026B,GLASS BEAD HOOP NECKLACE MONTANA,8.5,2,17.0,Kitchen & Dining
90026C,GLASS BEAD HOOP NECKLACE GREEN,8.5,3,25.5,Kitchen & Dining
90026D,GLASS BEAD HOOP NECKLACE AMETHYST,8.5,3,25.5,Kitchen & Dining
90027A,GLASS BEAD HOOP EARRINGS BLACK,2.95,4,11.8,Kitchen & Dining
90027D,GLASS BEAD HOOP EARRINGS AMETHYST,2.95,4,11.8,Kitchen & Dining
90028,NEW BAROQUE LARGE NECKLACE BLK/WHIT,8.5,2,17.0,Other
90029,NEW BAROQUE SMALL NECKLACE BLACK,8.5,3,25.5,Other
90030A,SPOTTED WHITE NATURAL SEED NECKLACE,1.0,72,72.0,Other
90030B,RED KUKUI COCONUT SEED NECKLACE,1.3299999999999998,112,131.8,Other
90030C,BROWN KUKUI COCONUT SEED NECKLACE,1.0,74,74.0,Other
90031,BILI NUT AND WOOD NECKLACE,1.0,48,48.0,Other
90032,IVORY SHELL HEART NECKLACE,5.73,19,90.67,Home Decor
90033,IVORY SHELL HEART EARRINGS,2.55,2,5.1,Home Decor
90035A,"PEARL & SHELL 42""NECKL. GREEN",10.75,4,43.0,Other
90035C,"PEARL & SHELL 42""NECKL. IVORY",10.75,2,21.5,Other
90036A,FLOWER GARLAND NECKLACE RED,7.95,6,47.7,Other
90036B,"FLOWER GLASS GARLAND NECKL.36""GREEN",7.95,4,31.8,Kitchen & Dining
90036C,"FLOWER GLASS GARLAND NECKL.36""BLUE",7.95,6,47.7,Kitchen & Dining
90036D,"FLOWER GLASS GARLAND NECKL.36""BLACK",7.95,11,87.45,Kitchen & Dining
90036E,"FLOWER GLASS GARLD NECKL36""AMETHYST",7.95,7,55.650000000000006,Kitchen & Dining
90036F,"FLOWER GLASS GARLD NECKL36""TURQUOIS",7.95,4,31.8,Kitchen & Dining
90037B,TINY CRYSTAL BRACELET GREEN,2.55,6,15.3,Other
90038A,GLASS AND PAINTED BEADS BRACELET TO,3.75,6,22.5,Kitchen & Dining
90038B,GLASS AND PAINTED BEADS BRACELET OL,3.75,6,22.5,Kitchen & Dining
90038C,GLASS AND BEADS BRACELET IVORY,3.75,6,22.5,Kitchen & Dining
90039A,FIRE POLISHED GLASS BRACELET RED,3.75,6,22.5,Kitchen & Dining
90039B,FIRE POLISHED GLASS BRACELET MONTAN,3.75,6,22.5,Kitchen & Dining
90039C,FIRE POLISHED GLASS BRACELET BLACK,3.75,1,3.75,Kitchen & Dining
90039D,FIRE POLISHED GLASS BRACELET GREEN,3.75,14,52.5,Kitchen & Dining
90040A,MURANO STYLE GLASS BRACELET RED,3.5,6,21.0,Kitchen & Dining
90040B,MURANO STYLE GLASS BRACELET BLACK,3.5,4,14.0,Kitchen & Dining
90040C,MURANO STYLE GLASS BRACELET GOLD,3.5,7,24.5,Kitchen & Dining
90041,PEARL AND CHERRY QUARTZ BRACLET,3.5,2,7.0,Other
90042A,FRESHWATER PEARL BRACELET GOLD,2.55,3,7.6499999999999995,Other
90043,COPPER AND BRASS BAG CHARM,7.455,4,24.810000000000002,Bags & Accessories
90046,WHITE WITH METAL BAG CHARM,4.95,3,14.85,Bags & Accessories
90048,GREEN WITH METAL BAG CHARM,4.95,3,14.85,Bags & Accessories
90049,IVORY GOLD METAL BAG CHARM,8.290000000000001,5,34.77,Bags & Accessories
90050,CRACKED GLAZE NECKLACE IVORY,6.95,6,41.7,Other
90051,CRACKED GLAZE NECKLACE RED,6.95,6,41.7,Other
90054,CRACKED GLAZE EARRINGS RED,2.55,1,2.55,Other
90055,CRACKED GLAZE EARRINGS BROWN,2.55,1,2.55,Other
90057,DIAMANTE RING ASSORTED IN BOX.,1.3472727272727274,1008,1311.3600000000001,Storage
90058A,CRYSTAL STUD EARRINGS CLEAR DISPLAY,0.38,324,123.12,Other
90058B,CRYSTAL STUD EARRINGS ASSORTED COL,0.38,612,232.56,Other
90059A,DIAMANTE HAIR GRIP PACK/2 CRYSTAL,1.65,6,9.9,Other
90059B,DIAMANTE HAIR GRIP PACK/2 BLACK DIA,1.6499999999999997,9,14.850000000000001,Other
90059C,DIAMANTE HAIR GRIP PACK/2 MONTANA,1.6499999999999997,8,13.200000000000001,Other
90059D,DIAMANTE HAIR GRIP PACK/2 PERIDOT,1.65,6,9.9,Other
90059E,DIAMANTE HAIR GRIP PACK/2 RUBY,1.6499999999999997,10,16.5,Other
90059F,DIAMANTE HAIR GRIP PACK/2 LT ROSE,1.6499999999999997,9,14.850000000000001,Other
90060B,FIRE POLISHED GLASS NECKL GOLD,5.95,1,5.95,Kitchen & Dining
90060D,FIRE POLISHED GLASS NECKL BRONZE,5.95,3,17.85,Kitchen & Dining
90062,CARNIVAL BRACELET,12.75,20,255.0,Other
90063A,WHITE VINT ART DECO CRYSTAL NECKLAC,8.5,11,93.5,Other
90063B,BLACK VINT ART DEC CRYSTAL NECKLACE,8.5,8,68.0,Other
90064A,WHITE VINTAGE CRYSTAL EARRINGS,3.75,7,26.25,Other
90064B,BLACK VINTAGE  CRYSTAL EARRINGS,3.75,11,41.25,Other
90065A,WHITE VINTAGE CRYSTAL BRACELET,6.75,6,40.5,Other
90065B,BLACK VINT ART DEC CRYSTAL BRACELET,6.75,1,6.75,Other
90067A,PINK VINTAGE VICTORIAN EARRINGS,2.9500000000000006,10,29.500000000000004,Other
90069,RUBY GLASS CLUSTER NECKLACE,7.5,2,15.0,Kitchen & Dining
90070,RUBY GLASS CLUSTER BRACELET,5.95,8,47.6,Kitchen & Dining
90071,RUBY GLASS CLUSTER EARRINGS,1.25,1,1.25,Kitchen & Dining
90072,RUBY DROP CHANDELIER EARRINGS,3.75,10,37.5,Other
90073,VINTAGE ENAMEL & CRYSTAL EARRINGS,4.95,13,64.35,Other
90074,BLACK DIAMOND CLUSTER NECKLACE,8.95,2,17.9,Other
90076,MONTANA DIAMOND CLUSTER EARRINGS,2.55,6,15.3,Other
90078,PINK/WHITE GLASS DEMI CHOKER,7.5,2,15.0,Kitchen & Dining
90079,VINTAGE ENAMEL & CRYSTAL NECKLACE,4.95,5,24.75,Other
90081A,LILY BROOCH AMETHYST COLOUR,4.95,15,74.25,Other
90081C,LILY BROOCH OLIVE COLOUR,4.95,11,54.45,Other
90082A,DIAMANTE BOW BROOCH GREEN COLOUR,6.35,21,133.35,Other
90082B,DIAMANTE BOW BROOCH RED COLOUR,6.35,25,158.75,Other
90082D,DIAMANTE BOW BROOCH BLACK COLOUR,6.35,7,44.449999999999996,Other
90083,CRYSTAL CZECH CROSS PHONE CHARM,1.27,19,13.69,Other
90084,PINK CRYSTAL GUITAR PHONE CHARM,0.85,1,0.85,Other
90085,CRYSTAL STILETTO PHONE CHARM,0.85,24,20.4,Other
90086,CRYSTAL FROG PHONE CHARM,1.2863636363636362,85,49.92999999999999,Other
90087,CRYSTAL SEA HORSE PHONE CHARM,1.1724999999999999,90,33.66,Other
90089,PINK CRYSTAL SKULL PHONE CHARM,0.19,13,2.4699999999999998,Other
90093,CLEAR CRYSTAL STAR PHONE CHARM,0.89,47,20.39,Other
90094,NECKLACE+BRACELET SET FRUIT SALAD,2.55,13,33.15,Other
90096,NECKLACE+BRACELET SET BLUE BLOSSOM,2.55,8,20.4,Other
90098,NECKLACE+BRACELET PINK BUTTERFLY,2.55,28,71.39999999999999,Other
90099,NECKLACE+BRACELET SET BLUE HIBISCUS,2.55,20,50.99999999999999,Other
90100,NECKLACE+BRACELET SET PINK DAISY,2.55,1,2.55,Other
90101,WHITE FRANGIPANI NECKLACE,2.55,15,38.25,Other
90102,WHITE FRANGIPANI HAIR CLIP,0.85,10,8.5,Other
90103,PURPLE FRANGIPANI NECKLACE,2.55,8,20.4,Other
90104,PURPLE FRANGIPANI HAIRCLIP,0.85,1,0.85,Other
90108,BLUE BLOSSOM HAIR CLIP,1.05,64,67.2,Other
90114,SUMMER DAISIES BAG CHARM,2.55,66,168.29999999999998,Bags & Accessories
90116,FRUIT SALAD BAG CHARM,1.6900000000000002,16,27.04,Bags & Accessories
90118,PINK DAISY BAG CHARM,2.55,6,15.3,Bags & Accessories
90119,METALIC LEAVES BAG CHARMS,2.472,59,145.77,Bags & Accessories
90120B,BLUE MURANO TWIST BRACELET,4.25,20,85.0,Other
90120C,GREEN MURANO TWIST BRACELET,4.25,31,131.75,Other
90120D,WHITE MURANO TWIST BRACELET,4.25,2,8.5,Other
90122A,PINK CRYSTAL+GLASS BRACELET,4.95,8,39.6,Kitchen & Dining
90122B,JADE CRYSTAL+GLASS BRACELET,4.95,1,4.95,Kitchen & Dining
90122C,TURQUOISE CRYSTAL+GLASS BRACELET,4.95,17,84.15,Kitchen & Dining
90123A,PINK HEART OF GLASS BRACELET,5.95,14,83.3,Kitchen & Dining
90123B,TURQUOISE HEART OF GLASS BRACELET,5.95,8,47.6,Kitchen & Dining
90123C,GREEN HEART OF GLASS BRACELET,5.95,13,77.35,Kitchen & Dining
90123D,WHITE HEART OF GLASS BRACELET,5.95,3,17.85,Kitchen & Dining
90124A,PINK MURANO TWIST NECKLACE,9.95,6,59.699999999999996,Other
90124B,BLUE MURANO TWIST NECKLACE,9.95,4,39.8,Other
90124C,GREEN MURANO TWIST NECKLACE,9.95,7,69.65,Other
90125A,PINK BERTIE GLASS BEAD BAG CHARM,1.0583333333333333,109,93.89999999999999,Kitchen & Dining
90125B,AQUA BERTIE GLASS BEAD BAG CHARM,1.6833333333333336,19,24.9,Kitchen & Dining
90125C,TURQUOISE BERTIE GLASS BEAD CHARM,1.2666666666666666,73,63.3,Kitchen & Dining
90125D,PURPLE BERTIE GLASS BEAD BAG CHARM,1.35,74,65.39999999999999,Kitchen & Dining
90125E,AMBER BERTIE GLASS BEAD BAG CHARM,2.1,1,2.1,Kitchen & Dining
90128B,BLUE LEAVES AND BEADS PHONE CHARM,1.25,1,1.25,Other
90129A,PINK GLASS TASSLE BAG CHARM,2.9500000000000006,7,20.650000000000002,Kitchen & Dining
90129B,TURQUOISE GLASS TASSLE BAG CHARM,2.9500000000000006,21,61.95,Kitchen & Dining
90129C,GREEN GLASS TASSLE BAG CHARM,2.9500000000000006,17,50.150000000000006,Kitchen & Dining
90129D,AMBER GLASS TASSLE BAG CHARM,2.95,8,23.6,Kitchen & Dining
90129E,PURPLE GLASS TASSLE BAG CHARM,2.95,6,17.700000000000003,Kitchen & Dining
90129F,RED GLASS TASSLE BAG CHARM,2.95,16,47.2,Kitchen & Dining
90130A,WHITE STONE/CRYSTAL EARRINGS,2.95,1,2.95,Other
90130B,TURQ STONE/CRYSTAL EARRINGS,2.9500000000000006,9,26.55,Other
90131,PINK/AMETHYST/GOLD NECKLACE,6.95,4,27.8,Other
90133,TEAL/FUSCHIA COL BEAD NECKLACE,4.95,9,44.55,Other
90135,ORANGE/WHT/FUSCHIA STONES NECKLACE,4.95,6,29.700000000000003,Other
90136,PALE PINK/AMETHYST STONE NECKLACE,9.95,3,29.849999999999998,Other
90138,WHITE/PINK MINI CRYSTALS NECKLACE,4.95,4,19.8,Other
90141A,GREEN PENDANT TRIPLE SHELL NECKLACE,4.95,4,19.8,Other
90141B,IVORY PENDANT TRIPLE SHELL NECKLACE,4.95,6,29.7,Other
90141C,TURQ PENDANT TRIPLE SHELL NECKLACE,4.95,4,19.8,Other
90141D,ROSE PENDANT TRIPLE SHELL NECKLACE,4.95,3,14.85,Other
90141E,ORANGE PENDANT TRIPLE SHELL NECKLAC,4.95,3,14.85,Other
90142D,MOP PENDANT SHELL NECKLACE,4.95,9,44.55,Other
90143,SILVER BRACELET W PASTEL FLOWER,7.5,18,135.0,Other
90144,SILVER DROP EARRINGS WITH FLOWER,3.75,7,26.25,Other
90145,SILVER HOOP EARRINGS WITH FLOWER,5.95,21,124.95,Other
90146,FINE SILVER NECKLACE W PASTEL FLOWE,6.25,13,63.75,Other
90147,CHUNKY SILVER NECKLACE PASTEL FLOWE,9.95,21,208.95,Other
90148,LONG SILVER NECKLACE PASTEL FLOWER,12.75,7,89.25,Other
90149,SILVER FLOWR PINK SHELL NECKLACE,7.12,52,335.28000000000003,Other
90151,SILVER/NATURAL SHELL NECKLACE,8.5,8,68.0,Other
90152A,SILVER/NAT SHELL NECKLACE W PENDANT,5.95,3,17.85,Other
90152B,BLUE/GREEN SHELL NECKLACE W PENDANT,5.95,1,5.95,Other
90152C,BLUE/NAT SHELL NECKLACE W PENDANT,5.95,1,5.95,Other
90154,LAZER CUT NECKLACE W PASTEL BEADS,8.61,57,421.75,Other
90155,RESIN NECKLACE W PASTEL BEADS,7.5,6,45.0,Other
90156,RESIN BRACELET W PASTEL BEADS,4.95,3,14.850000000000001,Other
90157,RIVIERA NECKLACE,4.95,7,34.65,Other
90158,ST TROPEZ NECKLACE,4.95,14,69.3,Other
90159,COTE D'AZURE NECKLACE,4.95,3,14.850000000000001,Other
90160A,PURPLE BOUDICCA LARGE BRACELET,6.95,31,215.45,Other
90160B,RED BOUDICCA LARGE BRACELET,6.95,21,145.95,Other
90160C,TURQ+RED BOUDICCA LARGE BRACELET,6.95,41,284.95000000000005,Other
90160D,PINK BOUDICCA LARGE BRACELET,6.95,32,222.4,Other
90161A,ANT COPPER RED BOUDICCA BRACELET,4.95,9,44.55,Other
90161B,ANT COPPER TURQ BOUDICCA BRACELET,4.95,45,222.75,Other
90161C,ANT COPPER LIME BOUDICCA BRACELET,4.95,45,222.75,Other
90161D,ANT COPPER PINK BOUDICCA BRACELET,4.95,31,153.45,Other
90162A,ANT SILVER TURQUOISE BOUDICCA RING,2.95,6,17.700000000000003,Other
90162B,ANT SILVER LIME GREEN BOUDICCA RING,2.95,27,79.65,Other
90162C,ANT SILVER FUSCHIA BOUDICCA RING,2.95,14,41.300000000000004,Other
90162D,ANT SILVER PURPLE BOUDICCA RING,2.95,10,29.500000000000004,Other
90163A,PINK ROSEBUD & PEARL NECKLACE,7.5,4,30.0,Other
90163B,WHITE ROSEBUD & PEARL NECKLACE,7.5,2,15.0,Other
90164A,PINK ROSEBUD PEARL BRACELET,4.7250000000000005,19,70.35,Other
90164B,WHITE  ROSEBUD PEARL BRACELET,2.742857142857143,28,65.7,Other
90165B,WHITE ROSEBUD  PEARL EARRINGS,2.55,1,2.55,Other
90166,PINK & WHITE ROSEBUD RING,4.1875,14,58.900000000000006,Other
90167,BEADED LOVE HEART JEWELLERY SET,0.85,10,8.5,Home Decor
90168,2 DAISIES HAIR COMB,2.95,6,17.700000000000003,Other
90169,DAISY HAIR COMB,2.55,6,15.3,Other
90170,DAISY HAIR BAND,1.6499999999999997,46,75.9,Other
90173,PAIR BUTTERFLY HAIR CLIPS,3.75,16,60.0,Other
90174,BUTTERFLY HAIR BAND,2.55,16,40.8,Other
90175A,WHITE GLASS CHUNKY CHARM BRACELET,8.95,9,80.55,Kitchen & Dining
90175C,BLUE GLASS CHUNKY CHARM BRACELET,8.95,9,80.55,Kitchen & Dining
90175D,TIGRIS EYE CHUNKY CHARM BRACELET,8.95,3,26.849999999999998,Other
90176A,CLASSIC DIAMANTE NECKLACE JET,7.5,2,15.0,Other
90176B,DIAMANTE NECKLACE BLACK,7.5,2,15.0,Other
90176C,DIAMANTE NECKLACE,7.5,2,15.0,Other
90176D,DIAMANTE NECKLACE PURPLE,7.5,7,52.5,Other
90176E,DIAMANTE NECKLACE GREEN,7.5,3,22.5,Other
90177A,CLASSIC DIAMANTE EARRINGS JET,2.95,6,17.700000000000003,Other
90177B,DROP DIAMANTE EARRINGS BLACK DIAMON,2.95,7,20.650000000000002,Other
90177C,DROP DIAMANTE EARRINGS CRYSTAL,2.9500000000000006,13,38.35000000000001,Other
90177D,DROP DIAMANTE EARRINGS PURPLE,2.9500000000000006,17,50.150000000000006,Other
90177E,DROP DIAMANTE EARRINGS GREEN,2.95,6,17.700000000000003,Other
90178A,AMBER CHUNKY GLASS+BEAD NECKLACE,11.949999999999998,6,71.69999999999999,Kitchen & Dining
90178B,PURPLE CHUNKY GLASS+BEAD NECKLACE,11.95,1,11.95,Kitchen & Dining
90179A,AMBER FINE BEAD NECKLACE W TASSEL,5.95,3,17.85,Other
90179C,BLACK FINE BEAD NECKLACE W TASSEL,5.95,1,5.95,Other
90180A,BLACK+WHITE NECKLACE W TASSEL,8.55,13,87.35,Other
90180B,PURPLE AMETHYST NECKLACE W TASSEL,9.95,3,29.849999999999998,Other
90181A,AMBER GLASS/SHELL/PEARL NECKLACE,8.95,1,8.95,Kitchen & Dining
90182C,BLACK 3 BEAD DROP EARRINGS,2.95,6,17.700000000000003,Other
90183A,AMBER DROP EARRINGS W LONG BEADS,2.95,20,59.00000000000001,Other
90183C,BLACK DROP EARRINGS W LONG BEADS,2.95,1,2.95,Other
90184A,AMBER CHUNKY BEAD BRACELET W STRAP,8.95,8,71.6,Other
90184B,AMETHYST CHUNKY BEAD BRACELET W STR,8.95,21,187.95,Other
90184C,BLACK CHUNKY BEAD BRACELET W STRAP,8.95,11,98.44999999999999,Other
90185A,AMBER DIAMANTE EXPANDABLE RING,4.25,22,93.5,Other
90185B,AMETHYST DIAMANTE EXPANDABLE RING,4.25,13,55.25,Other
90185C,BLACK DIAMANTE EXPANDABLE RING,4.25,21,89.25,Other
90185D,CRYSTAL DIAMANTE EXPANDABLE RING,4.25,32,136.0,Other
90186A,AMETHYST HOOP EARRING FLORAL LEAF,2.9500000000000006,4,11.8,Other
90186B,CRYSTAL HOOP EARRING FLORAL LEAF,2.9500000000000006,12,35.400000000000006,Other
90187B,GREEN DROP EARRINGS W BEAD CLUSTER,3.35,4,13.4,Other
90188,DROP EARRINGS W FLOWER & LEAF,2.55,2,5.1,Other
90189A,SILVER 2 STRAND NECKLACE-LEAF CHARM,7.5,2,15.0,Other
90190A,SILVER/CRYSTAL DROP EARRINGS W LEAF,2.95,6,17.700000000000003,Other
90190B,GOLD/AMBER DROP EARRINGS W LEAF,2.95,6,17.700000000000003,Other
90190C,SILVER/AMETHYST DROP EARRINGS LEAF,2.95,5,14.75,Other
90191,SILVER LARIAT 40CM,8.55,22,113.9,Other
90192,JADE DROP EARRINGS W FILIGREE,4.95,23,113.85000000000001,Other
90194,SILVER LARIAT BLACK STONE EARRINGS,4.25,12,51.0,Other
90195A,PURPLE GEMSTONE BRACELET,6.378571428571428,16,95.2,Other
90195B,BLACK GEMSTONE BRACELET,6.949999999999999,3,20.849999999999998,Other
90196A,PURPLE GEMSTONE NECKLACE 45CM,12.75,8,102.0,Other
90196B,BLACK GEMSTONE NECKLACE 45CM,12.75,4,51.0,Other
90197B,BLACK GLASS BRACELET W HEART CHARMS,4.95,3,14.85,Kitchen & Dining
90198A,VINTAGE ROSE BEAD BRACELET RASPBERR,4.25,34,144.5,Other
90198B,VINTAGE ROSE BEAD BRACELET BLACK,4.25,30,127.5,Other
90199A,5 STRAND GLASS NECKLACE BLACK,6.349999999999999,8,50.8,Kitchen & Dining
90199B,5 STRAND GLASS NECKLACE AMETHYST,6.35,2,12.7,Kitchen & Dining
90199C,5 STRAND GLASS NECKLACE CRYSTAL,6.35,16,101.6,Kitchen & Dining
90199D,5 STRAND GLASS NECKLACE AMBER,6.35,2,12.7,Kitchen & Dining
90200A,PURPLE SWEETHEART BRACELET,4.25,41,174.25,Home Decor
90200B,BLACK SWEETHEART BRACELET,4.25,67,284.75,Home Decor
90200C,BLUE SWEETHEART BRACELET,4.25,20,85.0,Home Decor
90200D,PINK SWEETHEART BRACELET,4.229166666666667,98,404.5,Home Decor
90200E,GREEN SWEETHEART BRACELET,4.222222222222222,76,311.0,Home Decor
90201A,PURPLE ENAMEL FLOWER RING,2.95,47,138.65,Other
90201B,BLACK ENAMEL FLOWER RING,2.95,64,188.8,Other
90201C,RED ENAMEL FLOWER RING,2.9500000000000006,52,153.4,Other
90201D,GREEN ENAMEL FLOWER RING,2.95,46,135.70000000000002,Other
90202A,PURPLE ENAMEL FLOWER HAIR TIE,2.95,6,17.700000000000003,Other
90202B,WHITE ENAMEL FLOWER HAIR TIE,2.95,7,20.650000000000002,Other
90202C,GREEN ENAMEL FLOWER HAIR TIE,2.95,7,20.650000000000002,Other
90202D,PINK ENAMEL FLOWER HAIR TIE,2.95,12,35.400000000000006,Other
90204,PAIR OF ENAMEL BUTTERFLY HAIRCLIP,3.35,17,56.95,Other
90205A,LARGE MINT DIAMANTE HAIRSLIDE,1.6499999999999997,16,26.4,Other
90205C,LARGE CRYSTAL DIAMANTE HAIRSLIDE,1.6499999999999997,6,9.899999999999999,Other
90206A,GOLD DIAMANTE STAR BROOCH,4.95,6,29.7,Other
90206C,CRYSTAL DIAMANTE STAR BROOCH,4.95,12,59.4,Other
90208,PAIR OF PINK FLOWER CLUSTER SLIDE,2.55,10,25.5,Other
90209A,PURPLE ENAMEL+GLASS HAIR COMB,2.0125,84,163.8,Kitchen & Dining
90209B,GREEN ENAMEL+GLASS HAIR COMB,2.0416666666666665,104,189.0,Kitchen & Dining
90209C,PINK ENAMEL+GLASS HAIR COMB,2.0125,231,413.7,Kitchen & Dining
90210A,GREY ACRYLIC FACETED BANGLE,1.8166666666666667,26,35.9,Other
90210B,CLEAR ACRYLIC FACETED BANGLE,2.016666666666667,40,58.6,Other
90210C,RED   ACRYLIC FACETED BANGLE,1.49,94,115.9,Other
90210D,PURPLE ACRYLIC FACETED BANGLE,1.15,104,125.0,Other
90211A,DIAMOND LAS VEGAS NECKLACE 45CM,5.95,5,29.75,Other
90211B,JET BLACK LAS VEGAS NECKLACE 45CM,5.95,4,23.8,Other
90212B,JET BLACK LAS VEGAS BRACELET ROUND,3.75,3,11.25,Other
90212C,PURPLE LAS VEGAS BRACELET ROUND,3.75,6,22.5,Other
90214A,"LETTER ""A"" BLING KEY RING",1.1128571428571428,63,55.71,Other
90214B,"LETTER ""B"" BLING KEY RING",0.77,13,4.7299999999999995,Other
90214C,"LETTER ""C"" BLING KEY RING",0.8233333333333334,52,40.04,Other
90214D,"LETTER ""D"" BLING KEY RING",0.9757142857142858,39,25.71,Other
90214E,"LETTER ""E"" BLING KEY RING",0.89,41,27.25,Other
90214F,"LETTER ""F"" BLING KEY RING",0.29,13,3.7699999999999996,Other
90214G,"LETTER ""G"" BLING KEY RING",0.8385714285714286,34,18.5,Other
90214H,"LETTER ""H"" BLING KEY RING",0.93,22,15.02,Other
90214I,"LETTER ""I"" BLING KEY RING",0.61,25,18.77,Other
90214J,"LETTER ""J"" BLING KEY RING",1.058,23,17.23,Other
90214K,"LETTER ""K"" BLING KEY RING",1.01,47,34.75,Other
90214L,"LETTER ""L"" BLING KEY RING",0.866,51,29.189999999999998,Other
90214M,"LETTER ""M"" BLING KEY RING",1.058,27,22.23,Other
90214N,"LETTER ""N"" BLING KEY RING",0.866,18,10.02,Other
90214O,"LETTER ""O"" BLING KEY RING",0.29,12,3.4799999999999995,Other
90214P,"LETTER ""P"" BLING KEY RING",0.77,28,10.999999999999998,Other
90214R,"LETTER ""R"" BLING KEY RING",0.77,15,6.27,Other
90214S,"LETTER ""S"" BLING KEY RING",0.77,40,26.0,Other
90214T,"LETTER ""T"" BLING KEY RING",0.29,12,3.4799999999999995,Other
90214U,"LETTER ""U"" BLING KEY RING",0.29,12,3.4799999999999995,Other
90214V,"LETTER ""V"" BLING KEY RING",0.93,14,5.9799999999999995,Other
90214W,"LETTER ""W"" BLING KEY RING",0.29,12,3.4799999999999995,Other
90214Y,"LETTER ""Y"" BLING KEY RING",0.61,61,18.65,Other
90214Z,"LETTER ""Z"" BLING KEY RING",0.29,12,3.4799999999999995,Other
BANK CHARGES,Bank Charges,13.750083333333334,12,165.001,Other
C2,CARRIAGE,50.13533834586466,134,6686.0,Other
DOT,DOTCOM POSTAGE,744.1475,16,11906.36,Other
M,Manual,178.40612903225806,6933,53419.93,Other
PADS,PADS TO MATCH ALL CUSHIONS,0.001,3,0.003,Other
POST,POSTAGE,31.570482256596904,3120,77803.96,Other
